Repeat,Motif,Group,Algorithm,AUC,Name
random_sample_2,ELF1,ELF1_geo1,DeepACE-randaug,0.746238,0.9988984350000001_pos_ELF1_top_10_chr10_49941955_49942123
random_sample_2,ELF1,ELF1_geo1,DeepACE-random,0.709571,0.9988984350000001_pos_ELF1_top_10_chr10_49941955_49942123
random_sample_2,ELF1,ELF1_geo1,DeepACE-cold,0.709571,0.9988984350000001_pos_ELF1_top_10_chr10_49941955_49942123
random_sample_2,ELF1,ELF1_geo1,Evo2,0.636655,0.9988984350000001_pos_ELF1_top_10_chr10_49941955_49942123
random_sample_2,ELF1,ELF1_geo1,promoterAI,0.556357,0.9988984350000001_pos_ELF1_top_10_chr10_49941955_49942123
random_sample_2,ELF1,ELF1_geo1,phyloP 100,0.671321,0.9988984350000001_pos_ELF1_top_10_chr10_49941955_49942123
random_sample_2,ELF1,ELF1_geo1,phyloP 470,0.760238,0.9988984350000001_pos_ELF1_top_10_chr10_49941955_49942123
random_sample_2,ELF1,ELF1_geo1,phastCons 100,0.652595,0.9988984350000001_pos_ELF1_top_10_chr10_49941955_49942123
random_sample_2,ELF1,ELF1_geo1,phastCons 470,0.609929,0.9988984350000001_pos_ELF1_top_10_chr10_49941955_49942123
random_sample_2,ELF1,ELF1_geo1,GPN-MSA,0.705393,0.9988984350000001_pos_ELF1_top_10_chr10_49941955_49942123
random_sample_2,ELF1,ELF1_geo2,DeepACE-randaug,0.899583,0.9983194370000001_pos_ELF1_top_10_chr16_77191076_77191244
random_sample_2,ELF1,ELF1_geo2,DeepACE-random,0.865536,0.9983194370000001_pos_ELF1_top_10_chr16_77191076_77191244
random_sample_2,ELF1,ELF1_geo2,DeepACE-cold,0.865536,0.9983194370000001_pos_ELF1_top_10_chr16_77191076_77191244
random_sample_2,ELF1,ELF1_geo2,Evo2,0.765619,0.9983194370000001_pos_ELF1_top_10_chr16_77191076_77191244
random_sample_2,ELF1,ELF1_geo2,promoterAI,0.6935,0.9983194370000001_pos_ELF1_top_10_chr16_77191076_77191244
random_sample_2,ELF1,ELF1_geo2,phyloP 100,0.739583,0.9983194370000001_pos_ELF1_top_10_chr16_77191076_77191244
random_sample_2,ELF1,ELF1_geo2,phyloP 470,0.622238,0.9983194370000001_pos_ELF1_top_10_chr16_77191076_77191244
random_sample_2,ELF1,ELF1_geo2,phastCons 100,0.670833,0.9983194370000001_pos_ELF1_top_10_chr16_77191076_77191244
random_sample_2,ELF1,ELF1_geo2,phastCons 470,0.670833,0.9983194370000001_pos_ELF1_top_10_chr16_77191076_77191244
random_sample_2,ELF1,ELF1_geo2,GPN-MSA,0.83675,0.9983194370000001_pos_ELF1_top_10_chr16_77191076_77191244
random_sample_2,ELF1,ELF1_geo3,DeepACE-randaug,0.843536,0.9971904_pos_ELF1_top_10_chr12_57936110_57936278
random_sample_2,ELF1,ELF1_geo3,DeepACE-random,0.806869,0.9971904_pos_ELF1_top_10_chr12_57936110_57936278
random_sample_2,ELF1,ELF1_geo3,DeepACE-cold,0.825083,0.9971904_pos_ELF1_top_10_chr12_57936110_57936278
random_sample_2,ELF1,ELF1_geo3,Evo2,0.731571,0.9971904_pos_ELF1_top_10_chr12_57936110_57936278
random_sample_2,ELF1,ELF1_geo3,promoterAI,0.732369,0.9971904_pos_ELF1_top_10_chr12_57936110_57936278
random_sample_2,ELF1,ELF1_geo3,phyloP 100,0.429083,0.9971904_pos_ELF1_top_10_chr12_57936110_57936278
random_sample_2,ELF1,ELF1_geo3,phyloP 470,0.707071,0.9971904_pos_ELF1_top_10_chr12_57936110_57936278
random_sample_2,ELF1,ELF1_geo3,phastCons 100,0.5125,0.9971904_pos_ELF1_top_10_chr12_57936110_57936278
random_sample_2,ELF1,ELF1_geo3,phastCons 470,0.661786,0.9971904_pos_ELF1_top_10_chr12_57936110_57936278
random_sample_2,ELF1,ELF1_geo3,GPN-MSA,0.430917,0.9971904_pos_ELF1_top_10_chr12_57936110_57936278
random_sample_2,ELF1,ELF1_geo4,DeepACE-randaug,0.815119,0.99703078_pos_ELF1_top_10_chr17_42773349_42773517
random_sample_2,ELF1,ELF1_geo4,DeepACE-random,0.787619,0.99703078_pos_ELF1_top_10_chr17_42773349_42773517
random_sample_2,ELF1,ELF1_geo4,DeepACE-cold,0.815119,0.99703078_pos_ELF1_top_10_chr17_42773349_42773517
random_sample_2,ELF1,ELF1_geo4,Evo2,0.801369,0.99703078_pos_ELF1_top_10_chr17_42773349_42773517
random_sample_2,ELF1,ELF1_geo4,promoterAI,0.652738,0.99703078_pos_ELF1_top_10_chr17_42773349_42773517
random_sample_2,ELF1,ELF1_geo4,phyloP 100,0.736405,0.99703078_pos_ELF1_top_10_chr17_42773349_42773517
random_sample_2,ELF1,ELF1_geo4,phyloP 470,0.791405,0.99703078_pos_ELF1_top_10_chr17_42773349_42773517
random_sample_2,ELF1,ELF1_geo4,phastCons 100,0.736405,0.99703078_pos_ELF1_top_10_chr17_42773349_42773517
random_sample_2,ELF1,ELF1_geo4,phastCons 470,0.569071,0.99703078_pos_ELF1_top_10_chr17_42773349_42773517
random_sample_2,ELF1,ELF1_geo4,GPN-MSA,0.565405,0.99703078_pos_ELF1_top_10_chr17_42773349_42773517
random_sample_2,ELF1,ELF1_aim1,DeepACE-randaug,0.491952,0.489776723_pos_ELF1_aim_0.4885437176111112_11_chr17_41908328_41908496
random_sample_2,ELF1,ELF1_aim1,DeepACE-random,0.546952,0.489776723_pos_ELF1_aim_0.4885437176111112_11_chr17_41908328_41908496
random_sample_2,ELF1,ELF1_aim1,DeepACE-cold,0.533202,0.489776723_pos_ELF1_aim_0.4885437176111112_11_chr17_41908328_41908496
random_sample_2,ELF1,ELF1_aim1,Evo2,0.522071,0.489776723_pos_ELF1_aim_0.4885437176111112_11_chr17_41908328_41908496
random_sample_2,ELF1,ELF1_aim1,promoterAI,0.624869,0.489776723_pos_ELF1_aim_0.4885437176111112_11_chr17_41908328_41908496
random_sample_2,ELF1,ELF1_aim1,phyloP 100,0.530833,0.489776723_pos_ELF1_aim_0.4885437176111112_11_chr17_41908328_41908496
random_sample_2,ELF1,ELF1_aim1,phyloP 470,0.6335,0.489776723_pos_ELF1_aim_0.4885437176111112_11_chr17_41908328_41908496
random_sample_2,ELF1,ELF1_aim1,phastCons 100,0.49,0.489776723_pos_ELF1_aim_0.4885437176111112_11_chr17_41908328_41908496
random_sample_2,ELF1,ELF1_aim1,phastCons 470,0.49,0.489776723_pos_ELF1_aim_0.4885437176111112_11_chr17_41908328_41908496
random_sample_2,ELF1,ELF1_aim1,GPN-MSA,0.405,0.489776723_pos_ELF1_aim_0.4885437176111112_11_chr17_41908328_41908496
random_sample_2,ELF1,ELF1_aim2,DeepACE-randaug,0.611119,0.48907900700000007_pos_ELF1_aim_0.4885437176111112_11_chr8_100720885_100721053
random_sample_2,ELF1,ELF1_aim2,DeepACE-random,0.556119,0.48907900700000007_pos_ELF1_aim_0.4885437176111112_11_chr8_100720885_100721053
random_sample_2,ELF1,ELF1_aim2,DeepACE-cold,0.556119,0.48907900700000007_pos_ELF1_aim_0.4885437176111112_11_chr8_100720885_100721053
random_sample_2,ELF1,ELF1_aim2,Evo2,0.416524,0.48907900700000007_pos_ELF1_aim_0.4885437176111112_11_chr8_100720885_100721053
random_sample_2,ELF1,ELF1_aim2,promoterAI,0.541452,0.48907900700000007_pos_ELF1_aim_0.4885437176111112_11_chr8_100720885_100721053
random_sample_2,ELF1,ELF1_aim2,phyloP 100,0.472746,0.48907900700000007_pos_ELF1_aim_0.4885437176111112_11_chr8_100720885_100721053
random_sample_2,ELF1,ELF1_aim2,phyloP 470,0.551056,0.48907900700000007_pos_ELF1_aim_0.4885437176111112_11_chr8_100720885_100721053
random_sample_2,ELF1,ELF1_aim2,phastCons 100,0.504,0.48907900700000007_pos_ELF1_aim_0.4885437176111112_11_chr8_100720885_100721053
random_sample_2,ELF1,ELF1_aim2,phastCons 470,0.490556,0.48907900700000007_pos_ELF1_aim_0.4885437176111112_11_chr8_100720885_100721053
random_sample_2,ELF1,ELF1_aim2,GPN-MSA,0.443413,0.48907900700000007_pos_ELF1_aim_0.4885437176111112_11_chr8_100720885_100721053
random_sample_2,ELF1,ELF1_aim3,DeepACE-randaug,0.358905,0.4816352619999999_pos_ELF1_aim_0.4885437176111112_00_chr11_118956756_118956924
random_sample_2,ELF1,ELF1_aim3,DeepACE-random,0.457905,0.4816352619999999_pos_ELF1_aim_0.4885437176111112_00_chr11_118956756_118956924
random_sample_2,ELF1,ELF1_aim3,DeepACE-cold,0.617905,0.4816352619999999_pos_ELF1_aim_0.4885437176111112_00_chr11_118956756_118956924
random_sample_2,ELF1,ELF1_aim3,Evo2,0.574452,0.4816352619999999_pos_ELF1_aim_0.4885437176111112_00_chr11_118956756_118956924
random_sample_2,ELF1,ELF1_aim3,promoterAI,0.434988,0.4816352619999999_pos_ELF1_aim_0.4885437176111112_00_chr11_118956756_118956924
random_sample_2,ELF1,ELF1_aim3,phyloP 100,0.624833,0.4816352619999999_pos_ELF1_aim_0.4885437176111112_00_chr11_118956756_118956924
random_sample_2,ELF1,ELF1_aim3,phyloP 470,0.641389,0.4816352619999999_pos_ELF1_aim_0.4885437176111112_00_chr11_118956756_118956924
random_sample_2,ELF1,ELF1_aim3,phastCons 100,0.5845,0.4816352619999999_pos_ELF1_aim_0.4885437176111112_00_chr11_118956756_118956924
random_sample_2,ELF1,ELF1_aim3,phastCons 470,0.49,0.4816352619999999_pos_ELF1_aim_0.4885437176111112_00_chr11_118956756_118956924
random_sample_2,ELF1,ELF1_aim3,GPN-MSA,0.459595,0.4816352619999999_pos_ELF1_aim_0.4885437176111112_00_chr11_118956756_118956924
random_sample_2,ELF1,ELF1_aim4,DeepACE-randaug,0.608119,0.6614242389999999_pos_ELF1_aim_0.6619496487777778_11_chr16_50720113_50720281
random_sample_2,ELF1,ELF1_aim4,DeepACE-random,0.804786,0.6614242389999999_pos_ELF1_aim_0.6619496487777778_11_chr16_50720113_50720281
random_sample_2,ELF1,ELF1_aim4,DeepACE-cold,0.749786,0.6614242389999999_pos_ELF1_aim_0.6619496487777778_11_chr16_50720113_50720281
random_sample_2,ELF1,ELF1_aim4,Evo2,0.589357,0.6614242389999999_pos_ELF1_aim_0.6619496487777778_11_chr16_50720113_50720281
random_sample_2,ELF1,ELF1_aim4,promoterAI,0.805833,0.6614242389999999_pos_ELF1_aim_0.6619496487777778_11_chr16_50720113_50720281
random_sample_2,ELF1,ELF1_aim4,phyloP 100,0.590317,0.6614242389999999_pos_ELF1_aim_0.6619496487777778_11_chr16_50720113_50720281
random_sample_2,ELF1,ELF1_aim4,phyloP 470,0.408,0.6614242389999999_pos_ELF1_aim_0.6619496487777778_11_chr16_50720113_50720281
random_sample_2,ELF1,ELF1_aim4,phastCons 100,0.807119,0.6614242389999999_pos_ELF1_aim_0.6619496487777778_11_chr16_50720113_50720281
random_sample_2,ELF1,ELF1_aim4,phastCons 470,0.564083,0.6614242389999999_pos_ELF1_aim_0.6619496487777778_11_chr16_50720113_50720281
random_sample_2,ELF1,ELF1_aim4,GPN-MSA,0.6115,0.6614242389999999_pos_ELF1_aim_0.6619496487777778_11_chr16_50720113_50720281
random_sample_2,ELF1,ELF1_aim5,DeepACE-randaug,0.852321,0.661941756_pos_ELF1_aim_0.6619496487777778_11_chr2_131491227_131491395
random_sample_2,ELF1,ELF1_aim5,DeepACE-random,0.840655,0.661941756_pos_ELF1_aim_0.6619496487777778_11_chr2_131491227_131491395
random_sample_2,ELF1,ELF1_aim5,DeepACE-cold,0.840655,0.661941756_pos_ELF1_aim_0.6619496487777778_11_chr2_131491227_131491395
random_sample_2,ELF1,ELF1_aim5,Evo2,0.561857,0.661941756_pos_ELF1_aim_0.6619496487777778_11_chr2_131491227_131491395
random_sample_2,ELF1,ELF1_aim5,promoterAI,0.685675,0.661941756_pos_ELF1_aim_0.6619496487777778_11_chr2_131491227_131491395
random_sample_2,ELF1,ELF1_aim5,phyloP 100,0.51025,0.661941756_pos_ELF1_aim_0.6619496487777778_11_chr2_131491227_131491395
random_sample_2,ELF1,ELF1_aim5,phyloP 470,0.34069,0.661941756_pos_ELF1_aim_0.6619496487777778_11_chr2_131491227_131491395
random_sample_2,ELF1,ELF1_aim5,phastCons 100,0.565,0.661941756_pos_ELF1_aim_0.6619496487777778_11_chr2_131491227_131491395
random_sample_2,ELF1,ELF1_aim5,phastCons 470,0.374083,0.661941756_pos_ELF1_aim_0.6619496487777778_11_chr2_131491227_131491395
random_sample_2,ELF1,ELF1_aim5,GPN-MSA,0.579,0.661941756_pos_ELF1_aim_0.6619496487777778_11_chr2_131491227_131491395
random_sample_2,ELF1,ELF1_aim6,DeepACE-randaug,0.772702,0.693883306_pos_ELF1_aim_0.6619496487777778_11_chr17_40113255_40113423
random_sample_2,ELF1,ELF1_aim6,DeepACE-random,0.791036,0.693883306_pos_ELF1_aim_0.6619496487777778_11_chr17_40113255_40113423
random_sample_2,ELF1,ELF1_aim6,DeepACE-cold,0.791036,0.693883306_pos_ELF1_aim_0.6619496487777778_11_chr17_40113255_40113423
random_sample_2,ELF1,ELF1_aim6,Evo2,0.65169,0.693883306_pos_ELF1_aim_0.6619496487777778_11_chr17_40113255_40113423
random_sample_2,ELF1,ELF1_aim6,promoterAI,0.810417,0.693883306_pos_ELF1_aim_0.6619496487777778_11_chr17_40113255_40113423
random_sample_2,ELF1,ELF1_aim6,phyloP 100,0.46825,0.693883306_pos_ELF1_aim_0.6619496487777778_11_chr17_40113255_40113423
random_sample_2,ELF1,ELF1_aim6,phyloP 470,0.285833,0.693883306_pos_ELF1_aim_0.6619496487777778_11_chr17_40113255_40113423
random_sample_2,ELF1,ELF1_aim6,phastCons 100,0.475583,0.693883306_pos_ELF1_aim_0.6619496487777778_11_chr17_40113255_40113423
random_sample_2,ELF1,ELF1_aim6,phastCons 470,0.447778,0.693883306_pos_ELF1_aim_0.6619496487777778_11_chr17_40113255_40113423
random_sample_2,ELF1,ELF1_aim6,GPN-MSA,0.354583,0.693883306_pos_ELF1_aim_0.6619496487777778_11_chr17_40113255_40113423
random_sample_2,ELF1,ELF1_aim7,DeepACE-randaug,0.844583,0.840325476_pos_ELF1_aim_0.8353555799444445_01_chr6_30156361_30156529
random_sample_2,ELF1,ELF1_aim7,DeepACE-random,0.844583,0.840325476_pos_ELF1_aim_0.8353555799444445_01_chr6_30156361_30156529
random_sample_2,ELF1,ELF1_aim7,DeepACE-cold,0.83425,0.840325476_pos_ELF1_aim_0.8353555799444445_01_chr6_30156361_30156529
random_sample_2,ELF1,ELF1_aim7,Evo2,0.561857,0.840325476_pos_ELF1_aim_0.8353555799444445_01_chr6_30156361_30156529
random_sample_2,ELF1,ELF1_aim7,promoterAI,0.848,0.840325476_pos_ELF1_aim_0.8353555799444445_01_chr6_30156361_30156529
random_sample_2,ELF1,ELF1_aim7,phyloP 100,0.304417,0.840325476_pos_ELF1_aim_0.8353555799444445_01_chr6_30156361_30156529
random_sample_2,ELF1,ELF1_aim7,phyloP 470,0.403417,0.840325476_pos_ELF1_aim_0.8353555799444445_01_chr6_30156361_30156529
random_sample_2,ELF1,ELF1_aim7,phastCons 100,0.4795,0.840325476_pos_ELF1_aim_0.8353555799444445_01_chr6_30156361_30156529
random_sample_2,ELF1,ELF1_aim7,phastCons 470,0.4795,0.840325476_pos_ELF1_aim_0.8353555799444445_01_chr6_30156361_30156529
random_sample_2,ELF1,ELF1_aim7,GPN-MSA,0.429083,0.840325476_pos_ELF1_aim_0.8353555799444445_01_chr6_30156361_30156529
random_sample_2,ELF1,ELF1_aim8,DeepACE-randaug,0.734988,0.8304999429999999_pos_ELF1_aim_0.8353555799444445_01_chr7_100567732_100567900
random_sample_2,ELF1,ELF1_aim8,DeepACE-random,0.759988,0.8304999429999999_pos_ELF1_aim_0.8353555799444445_01_chr7_100567732_100567900
random_sample_2,ELF1,ELF1_aim8,DeepACE-cold,0.734988,0.8304999429999999_pos_ELF1_aim_0.8353555799444445_01_chr7_100567732_100567900
random_sample_2,ELF1,ELF1_aim8,Evo2,0.715071,0.8304999429999999_pos_ELF1_aim_0.8353555799444445_01_chr7_100567732_100567900
random_sample_2,ELF1,ELF1_aim8,promoterAI,0.736952,0.8304999429999999_pos_ELF1_aim_0.8353555799444445_01_chr7_100567732_100567900
random_sample_2,ELF1,ELF1_aim8,phyloP 100,0.723889,0.8304999429999999_pos_ELF1_aim_0.8353555799444445_01_chr7_100567732_100567900
random_sample_2,ELF1,ELF1_aim8,phyloP 470,0.533452,0.8304999429999999_pos_ELF1_aim_0.8353555799444445_01_chr7_100567732_100567900
random_sample_2,ELF1,ELF1_aim8,phastCons 100,0.6725,0.8304999429999999_pos_ELF1_aim_0.8353555799444445_01_chr7_100567732_100567900
random_sample_2,ELF1,ELF1_aim8,phastCons 470,0.759333,0.8304999429999999_pos_ELF1_aim_0.8353555799444445_01_chr7_100567732_100567900
random_sample_2,ELF1,ELF1_aim8,GPN-MSA,0.508889,0.8304999429999999_pos_ELF1_aim_0.8353555799444445_01_chr7_100567732_100567900
random_sample_2,ELF1,ELF1_aim9,DeepACE-randaug,0.750702,0.838780914_pos_ELF1_aim_0.8353555799444445_11_chr12_51922817_51922985
random_sample_2,ELF1,ELF1_aim9,DeepACE-random,0.750702,0.838780914_pos_ELF1_aim_0.8353555799444445_11_chr12_51922817_51922985
random_sample_2,ELF1,ELF1_aim9,DeepACE-cold,0.750702,0.838780914_pos_ELF1_aim_0.8353555799444445_11_chr12_51922817_51922985
random_sample_2,ELF1,ELF1_aim9,Evo2,0.421238,0.838780914_pos_ELF1_aim_0.8353555799444445_11_chr12_51922817_51922985
random_sample_2,ELF1,ELF1_aim9,promoterAI,0.723202,0.838780914_pos_ELF1_aim_0.8353555799444445_11_chr12_51922817_51922985
random_sample_2,ELF1,ELF1_aim9,phyloP 100,0.528071,0.838780914_pos_ELF1_aim_0.8353555799444445_11_chr12_51922817_51922985
random_sample_2,ELF1,ELF1_aim9,phyloP 470,0.464683,0.838780914_pos_ELF1_aim_0.8353555799444445_11_chr12_51922817_51922985
random_sample_2,ELF1,ELF1_aim9,phastCons 100,0.565,0.838780914_pos_ELF1_aim_0.8353555799444445_11_chr12_51922817_51922985
random_sample_2,ELF1,ELF1_aim9,phastCons 470,0.615833,0.838780914_pos_ELF1_aim_0.8353555799444445_11_chr12_51922817_51922985
random_sample_2,ELF1,ELF1_aim9,GPN-MSA,0.51225,0.838780914_pos_ELF1_aim_0.8353555799444445_11_chr12_51922817_51922985
random_sample_2,HNF1A,HNF1A_geo1,DeepACE-randaug,0.98,0.754666704_pos_HNF1A_top_10_chr3_28241947_28242115
random_sample_2,HNF1A,HNF1A_geo1,DeepACE-random,0.741036,0.754666704_pos_HNF1A_top_10_chr3_28241947_28242115
random_sample_2,HNF1A,HNF1A_geo1,DeepACE-cold,0.796036,0.754666704_pos_HNF1A_top_10_chr3_28241947_28242115
random_sample_2,HNF1A,HNF1A_geo1,Evo2,0.34319,0.754666704_pos_HNF1A_top_10_chr3_28241947_28242115
random_sample_2,HNF1A,HNF1A_geo1,promoterAI,0.711036,0.754666704_pos_HNF1A_top_10_chr3_28241947_28242115
random_sample_2,HNF1A,HNF1A_geo1,phyloP 100,0.35275,0.754666704_pos_HNF1A_top_10_chr3_28241947_28242115
random_sample_2,HNF1A,HNF1A_geo1,phyloP 470,0.320524,0.754666704_pos_HNF1A_top_10_chr3_28241947_28242115
random_sample_2,HNF1A,HNF1A_geo1,phastCons 100,0.642833,0.754666704_pos_HNF1A_top_10_chr3_28241947_28242115
random_sample_2,HNF1A,HNF1A_geo1,phastCons 470,0.49,0.754666704_pos_HNF1A_top_10_chr3_28241947_28242115
random_sample_2,HNF1A,HNF1A_geo1,GPN-MSA,0.659571,0.754666704_pos_HNF1A_top_10_chr3_28241947_28242115
random_sample_2,HNF1A,HNF1A_geo2,DeepACE-randaug,0.81175,0.7544006320000001_pos_HNF1A_top_10_chr17_43361025_43361193
random_sample_2,HNF1A,HNF1A_geo2,DeepACE-random,0.81175,0.7544006320000001_pos_HNF1A_top_10_chr17_43361025_43361193
random_sample_2,HNF1A,HNF1A_geo2,DeepACE-cold,0.86175,0.7544006320000001_pos_HNF1A_top_10_chr17_43361025_43361193
random_sample_2,HNF1A,HNF1A_geo2,Evo2,0.399238,0.7544006320000001_pos_HNF1A_top_10_chr17_43361025_43361193
random_sample_2,HNF1A,HNF1A_geo2,promoterAI,0.489988,0.7544006320000001_pos_HNF1A_top_10_chr17_43361025_43361193
random_sample_2,HNF1A,HNF1A_geo2,phyloP 100,0.362746,0.7544006320000001_pos_HNF1A_top_10_chr17_43361025_43361193
random_sample_2,HNF1A,HNF1A_geo2,phyloP 470,0.300413,0.7544006320000001_pos_HNF1A_top_10_chr17_43361025_43361193
random_sample_2,HNF1A,HNF1A_geo2,phastCons 100,0.737389,0.7544006320000001_pos_HNF1A_top_10_chr17_43361025_43361193
random_sample_2,HNF1A,HNF1A_geo2,phastCons 470,0.49,0.7544006320000001_pos_HNF1A_top_10_chr17_43361025_43361193
random_sample_2,HNF1A,HNF1A_geo2,GPN-MSA,0.320524,0.7544006320000001_pos_HNF1A_top_10_chr17_43361025_43361193
random_sample_2,HNF1A,HNF1A_geo3,DeepACE-randaug,0.754786,0.748247535_pos_HNF1A_top_10_chr16_28553902_28554070
random_sample_2,HNF1A,HNF1A_geo3,DeepACE-random,0.846036,0.748247535_pos_HNF1A_top_10_chr16_28553902_28554070
random_sample_2,HNF1A,HNF1A_geo3,DeepACE-cold,0.846036,0.748247535_pos_HNF1A_top_10_chr16_28553902_28554070
random_sample_2,HNF1A,HNF1A_geo3,Evo2,0.380905,0.748247535_pos_HNF1A_top_10_chr16_28553902_28554070
random_sample_2,HNF1A,HNF1A_geo3,promoterAI,0.891333,0.748247535_pos_HNF1A_top_10_chr16_28553902_28554070
random_sample_2,HNF1A,HNF1A_geo3,phyloP 100,0.768,0.748247535_pos_HNF1A_top_10_chr16_28553902_28554070
random_sample_2,HNF1A,HNF1A_geo3,phyloP 470,0.763952,0.748247535_pos_HNF1A_top_10_chr16_28553902_28554070
random_sample_2,HNF1A,HNF1A_geo3,phastCons 100,0.704968,0.748247535_pos_HNF1A_top_10_chr16_28553902_28554070
random_sample_2,HNF1A,HNF1A_geo3,phastCons 470,0.752286,0.748247535_pos_HNF1A_top_10_chr16_28553902_28554070
random_sample_2,HNF1A,HNF1A_geo3,GPN-MSA,0.738536,0.748247535_pos_HNF1A_top_10_chr16_28553902_28554070
random_sample_2,HNF1A,HNF1A_geo4,DeepACE-randaug,0.635619,0.741776531_pos_HNF1A_top_11_chr3_50194763_50194931
random_sample_2,HNF1A,HNF1A_geo4,DeepACE-random,0.763536,0.741776531_pos_HNF1A_top_11_chr3_50194763_50194931
random_sample_2,HNF1A,HNF1A_geo4,DeepACE-cold,0.747821,0.741776531_pos_HNF1A_top_11_chr3_50194763_50194931
random_sample_2,HNF1A,HNF1A_geo4,Evo2,0.431321,0.741776531_pos_HNF1A_top_11_chr3_50194763_50194931
random_sample_2,HNF1A,HNF1A_geo4,promoterAI,0.64796,0.741776531_pos_HNF1A_top_11_chr3_50194763_50194931
random_sample_2,HNF1A,HNF1A_geo4,phyloP 100,0.769167,0.741776531_pos_HNF1A_top_11_chr3_50194763_50194931
random_sample_2,HNF1A,HNF1A_geo4,phyloP 470,0.769167,0.741776531_pos_HNF1A_top_11_chr3_50194763_50194931
random_sample_2,HNF1A,HNF1A_geo4,phastCons 100,0.716611,0.741776531_pos_HNF1A_top_11_chr3_50194763_50194931
random_sample_2,HNF1A,HNF1A_geo4,phastCons 470,0.704333,0.741776531_pos_HNF1A_top_11_chr3_50194763_50194931
random_sample_2,HNF1A,HNF1A_geo4,GPN-MSA,0.746905,0.741776531_pos_HNF1A_top_11_chr3_50194763_50194931
random_sample_2,HNF1A,HNF1A_geo5,DeepACE-randaug,0.938869,0.737346788_pos_HNF1A_top_10_chr14_70359648_70359816
random_sample_2,HNF1A,HNF1A_geo5,DeepACE-random,0.778869,0.737346788_pos_HNF1A_top_10_chr14_70359648_70359816
random_sample_2,HNF1A,HNF1A_geo5,DeepACE-cold,0.794583,0.737346788_pos_HNF1A_top_10_chr14_70359648_70359816
random_sample_2,HNF1A,HNF1A_geo5,Evo2,0.589357,0.737346788_pos_HNF1A_top_10_chr14_70359648_70359816
random_sample_2,HNF1A,HNF1A_geo5,promoterAI,0.693357,0.737346788_pos_HNF1A_top_10_chr14_70359648_70359816
random_sample_2,HNF1A,HNF1A_geo5,phyloP 100,0.721119,0.737346788_pos_HNF1A_top_10_chr14_70359648_70359816
random_sample_2,HNF1A,HNF1A_geo5,phyloP 470,0.488036,0.737346788_pos_HNF1A_top_10_chr14_70359648_70359816
random_sample_2,HNF1A,HNF1A_geo5,phastCons 100,0.7355,0.737346788_pos_HNF1A_top_10_chr14_70359648_70359816
random_sample_2,HNF1A,HNF1A_geo5,phastCons 470,0.7355,0.737346788_pos_HNF1A_top_10_chr14_70359648_70359816
random_sample_2,HNF1A,HNF1A_geo5,GPN-MSA,0.859667,0.737346788_pos_HNF1A_top_10_chr14_70359648_70359816
random_sample_2,HNF1A,HNF1A_geo6,DeepACE-randaug,0.83375,0.735344632_pos_HNF1A_top_01_chr9_33029582_33029750
random_sample_2,HNF1A,HNF1A_geo6,DeepACE-random,0.8475,0.735344632_pos_HNF1A_top_01_chr9_33029582_33029750
random_sample_2,HNF1A,HNF1A_geo6,DeepACE-cold,0.726369,0.735344632_pos_HNF1A_top_01_chr9_33029582_33029750
random_sample_2,HNF1A,HNF1A_geo6,Evo2,0.688119,0.735344632_pos_HNF1A_top_01_chr9_33029582_33029750
random_sample_2,HNF1A,HNF1A_geo6,promoterAI,0.91125,0.735344632_pos_HNF1A_top_01_chr9_33029582_33029750
random_sample_2,HNF1A,HNF1A_geo6,phyloP 100,0.604571,0.735344632_pos_HNF1A_top_01_chr9_33029582_33029750
random_sample_2,HNF1A,HNF1A_geo6,phyloP 470,0.449,0.735344632_pos_HNF1A_top_01_chr9_33029582_33029750
random_sample_2,HNF1A,HNF1A_geo6,phastCons 100,0.657857,0.735344632_pos_HNF1A_top_01_chr9_33029582_33029750
random_sample_2,HNF1A,HNF1A_geo6,phastCons 470,0.65975,0.735344632_pos_HNF1A_top_01_chr9_33029582_33029750
random_sample_2,HNF1A,HNF1A_geo6,GPN-MSA,0.804905,0.735344632_pos_HNF1A_top_01_chr9_33029582_33029750
random_sample_2,HNF1A,HNF1A_geo7,DeepACE-randaug,0.804286,0.7352524960000001_pos_HNF1A_top_10_chr6_116254112_116254280
random_sample_2,HNF1A,HNF1A_geo7,DeepACE-random,0.80625,0.7352524960000001_pos_HNF1A_top_10_chr6_116254112_116254280
random_sample_2,HNF1A,HNF1A_geo7,DeepACE-cold,0.712083,0.7352524960000001_pos_HNF1A_top_10_chr6_116254112_116254280
random_sample_2,HNF1A,HNF1A_geo7,Evo2,0.412988,0.7352524960000001_pos_HNF1A_top_10_chr6_116254112_116254280
random_sample_2,HNF1A,HNF1A_geo7,promoterAI,0.703571,0.7352524960000001_pos_HNF1A_top_10_chr6_116254112_116254280
random_sample_2,HNF1A,HNF1A_geo7,phyloP 100,0.371083,0.7352524960000001_pos_HNF1A_top_10_chr6_116254112_116254280
random_sample_2,HNF1A,HNF1A_geo7,phyloP 470,0.368246,0.7352524960000001_pos_HNF1A_top_10_chr6_116254112_116254280
random_sample_2,HNF1A,HNF1A_geo7,phastCons 100,0.4245,0.7352524960000001_pos_HNF1A_top_10_chr6_116254112_116254280
random_sample_2,HNF1A,HNF1A_geo7,phastCons 470,0.4245,0.7352524960000001_pos_HNF1A_top_10_chr6_116254112_116254280
random_sample_2,HNF1A,HNF1A_geo7,GPN-MSA,0.762488,0.7352524960000001_pos_HNF1A_top_10_chr6_116254112_116254280
random_sample_2,HNF1A,HNF1A_geo8,DeepACE-randaug,0.550619,0.7331385859999999_pos_HNF1A_top_11_chr14_60657594_60657762
random_sample_2,HNF1A,HNF1A_geo8,DeepACE-random,0.918833,0.7331385859999999_pos_HNF1A_top_11_chr14_60657594_60657762
random_sample_2,HNF1A,HNF1A_geo8,DeepACE-cold,0.694667,0.7331385859999999_pos_HNF1A_top_11_chr14_60657594_60657762
random_sample_2,HNF1A,HNF1A_geo8,Evo2,0.297357,0.7331385859999999_pos_HNF1A_top_11_chr14_60657594_60657762
random_sample_2,HNF1A,HNF1A_geo8,promoterAI,0.361262,0.7331385859999999_pos_HNF1A_top_11_chr14_60657594_60657762
random_sample_2,HNF1A,HNF1A_geo8,phyloP 100,0.670702,0.7331385859999999_pos_HNF1A_top_11_chr14_60657594_60657762
random_sample_2,HNF1A,HNF1A_geo8,phyloP 470,0.692702,0.7331385859999999_pos_HNF1A_top_11_chr14_60657594_60657762
random_sample_2,HNF1A,HNF1A_geo8,phastCons 100,0.778833,0.7331385859999999_pos_HNF1A_top_11_chr14_60657594_60657762
random_sample_2,HNF1A,HNF1A_geo8,phastCons 470,0.626167,0.7331385859999999_pos_HNF1A_top_11_chr14_60657594_60657762
random_sample_2,HNF1A,HNF1A_geo8,GPN-MSA,0.733036,0.7331385859999999_pos_HNF1A_top_11_chr14_60657594_60657762
random_sample_2,HNF1A,HNF1A_aim1,DeepACE-randaug,0.729369,0.467734907_pos_HNF1A_aim_0.46087999122222223_01_chr20_45927400_45927568
random_sample_2,HNF1A,HNF1A_aim1,DeepACE-random,0.674369,0.467734907_pos_HNF1A_aim_0.46087999122222223_01_chr20_45927400_45927568
random_sample_2,HNF1A,HNF1A_aim1,DeepACE-cold,0.660619,0.467734907_pos_HNF1A_aim_0.46087999122222223_01_chr20_45927400_45927568
random_sample_2,HNF1A,HNF1A_aim1,Evo2,0.483321,0.467734907_pos_HNF1A_aim_0.46087999122222223_01_chr20_45927400_45927568
random_sample_2,HNF1A,HNF1A_aim1,promoterAI,0.622381,0.467734907_pos_HNF1A_aim_0.46087999122222223_01_chr20_45927400_45927568
random_sample_2,HNF1A,HNF1A_aim1,phyloP 100,0.499155,0.467734907_pos_HNF1A_aim_0.46087999122222223_01_chr20_45927400_45927568
random_sample_2,HNF1A,HNF1A_aim1,phyloP 470,0.551155,0.467734907_pos_HNF1A_aim_0.46087999122222223_01_chr20_45927400_45927568
random_sample_2,HNF1A,HNF1A_aim1,phastCons 100,0.698321,0.467734907_pos_HNF1A_aim_0.46087999122222223_01_chr20_45927400_45927568
random_sample_2,HNF1A,HNF1A_aim1,phastCons 470,0.581,0.467734907_pos_HNF1A_aim_0.46087999122222223_01_chr20_45927400_45927568
random_sample_2,HNF1A,HNF1A_aim1,GPN-MSA,0.631155,0.467734907_pos_HNF1A_aim_0.46087999122222223_01_chr20_45927400_45927568
random_sample_2,HNF1A,HNF1A_aim2,DeepACE-randaug,0.847202,0.458192214_pos_HNF1A_aim_0.46087999122222223_01_chr12_94230726_94230894
random_sample_2,HNF1A,HNF1A_aim2,DeepACE-random,0.742202,0.458192214_pos_HNF1A_aim_0.46087999122222223_01_chr12_94230726_94230894
random_sample_2,HNF1A,HNF1A_aim2,DeepACE-cold,0.742202,0.458192214_pos_HNF1A_aim_0.46087999122222223_01_chr12_94230726_94230894
random_sample_2,HNF1A,HNF1A_aim2,Evo2,0.36519,0.458192214_pos_HNF1A_aim_0.46087999122222223_01_chr12_94230726_94230894
random_sample_2,HNF1A,HNF1A_aim2,promoterAI,0.882167,0.458192214_pos_HNF1A_aim_0.46087999122222223_01_chr12_94230726_94230894
random_sample_2,HNF1A,HNF1A_aim2,phyloP 100,0.760655,0.458192214_pos_HNF1A_aim_0.46087999122222223_01_chr12_94230726_94230894
random_sample_2,HNF1A,HNF1A_aim2,phyloP 470,0.465238,0.458192214_pos_HNF1A_aim_0.46087999122222223_01_chr12_94230726_94230894
random_sample_2,HNF1A,HNF1A_aim2,phastCons 100,0.676833,0.458192214_pos_HNF1A_aim_0.46087999122222223_01_chr12_94230726_94230894
random_sample_2,HNF1A,HNF1A_aim2,phastCons 470,0.6115,0.458192214_pos_HNF1A_aim_0.46087999122222223_01_chr12_94230726_94230894
random_sample_2,HNF1A,HNF1A_aim2,GPN-MSA,0.706571,0.458192214_pos_HNF1A_aim_0.46087999122222223_01_chr12_94230726_94230894
random_sample_2,HNF1A,HNF1A_aim3,DeepACE-randaug,0.782286,0.4607891860000001_pos_HNF1A_aim_0.46087999122222223_11_chr17_64386788_64386956
random_sample_2,HNF1A,HNF1A_aim3,DeepACE-random,0.763036,0.4607891860000001_pos_HNF1A_aim_0.46087999122222223_11_chr17_64386788_64386956
random_sample_2,HNF1A,HNF1A_aim3,DeepACE-cold,0.741036,0.4607891860000001_pos_HNF1A_aim_0.46087999122222223_11_chr17_64386788_64386956
random_sample_2,HNF1A,HNF1A_aim3,Evo2,0.619369,0.4607891860000001_pos_HNF1A_aim_0.46087999122222223_11_chr17_64386788_64386956
random_sample_2,HNF1A,HNF1A_aim3,promoterAI,0.56725,0.4607891860000001_pos_HNF1A_aim_0.46087999122222223_11_chr17_64386788_64386956
random_sample_2,HNF1A,HNF1A_aim3,phyloP 100,0.561357,0.4607891860000001_pos_HNF1A_aim_0.46087999122222223_11_chr17_64386788_64386956
random_sample_2,HNF1A,HNF1A_aim3,phyloP 470,0.470607,0.4607891860000001_pos_HNF1A_aim_0.46087999122222223_11_chr17_64386788_64386956
random_sample_2,HNF1A,HNF1A_aim3,phastCons 100,0.563833,0.4607891860000001_pos_HNF1A_aim_0.46087999122222223_11_chr17_64386788_64386956
random_sample_2,HNF1A,HNF1A_aim3,phastCons 470,0.494167,0.4607891860000001_pos_HNF1A_aim_0.46087999122222223_11_chr17_64386788_64386956
random_sample_2,HNF1A,HNF1A_aim3,GPN-MSA,0.681571,0.4607891860000001_pos_HNF1A_aim_0.46087999122222223_11_chr17_64386788_64386956
random_sample_2,HNF1A,HNF1A_aim4,DeepACE-randaug,0.77675,0.469033724_pos_HNF1A_aim_0.46087999122222223_01_chr11_12429306_12429474
random_sample_2,HNF1A,HNF1A_aim4,DeepACE-random,0.67175,0.469033724_pos_HNF1A_aim_0.46087999122222223_01_chr11_12429306_12429474
random_sample_2,HNF1A,HNF1A_aim4,DeepACE-cold,0.77675,0.469033724_pos_HNF1A_aim_0.46087999122222223_01_chr11_12429306_12429474
random_sample_2,HNF1A,HNF1A_aim4,Evo2,0.519452,0.469033724_pos_HNF1A_aim_0.46087999122222223_01_chr11_12429306_12429474
random_sample_2,HNF1A,HNF1A_aim4,promoterAI,0.74925,0.469033724_pos_HNF1A_aim_0.46087999122222223_01_chr11_12429306_12429474
random_sample_2,HNF1A,HNF1A_aim4,phyloP 100,0.633238,0.469033724_pos_HNF1A_aim_0.46087999122222223_01_chr11_12429306_12429474
random_sample_2,HNF1A,HNF1A_aim4,phyloP 470,0.386579,0.469033724_pos_HNF1A_aim_0.46087999122222223_01_chr11_12429306_12429474
random_sample_2,HNF1A,HNF1A_aim4,phastCons 100,0.660738,0.469033724_pos_HNF1A_aim_0.46087999122222223_01_chr11_12429306_12429474
random_sample_2,HNF1A,HNF1A_aim4,phastCons 470,0.5455,0.469033724_pos_HNF1A_aim_0.46087999122222223_01_chr11_12429306_12429474
random_sample_2,HNF1A,HNF1A_aim4,GPN-MSA,0.674488,0.469033724_pos_HNF1A_aim_0.46087999122222223_01_chr11_12429306_12429474
random_sample_2,HNF1A,HNF1A_aim5,DeepACE-randaug,0.634036,0.5483327269999999_pos_HNF1A_aim_0.5491410775555555_11_chr1_21937776_21937944
random_sample_2,HNF1A,HNF1A_aim5,DeepACE-random,0.583619,0.5483327269999999_pos_HNF1A_aim_0.5491410775555555_11_chr1_21937776_21937944
random_sample_2,HNF1A,HNF1A_aim5,DeepACE-cold,0.688619,0.5483327269999999_pos_HNF1A_aim_0.5491410775555555_11_chr1_21937776_21937944
random_sample_2,HNF1A,HNF1A_aim5,Evo2,0.55219,0.5483327269999999_pos_HNF1A_aim_0.5491410775555555_11_chr1_21937776_21937944
random_sample_2,HNF1A,HNF1A_aim5,promoterAI,0.465238,0.5483327269999999_pos_HNF1A_aim_0.5491410775555555_11_chr1_21937776_21937944
random_sample_2,HNF1A,HNF1A_aim5,phyloP 100,0.557155,0.5483327269999999_pos_HNF1A_aim_0.5491410775555555_11_chr1_21937776_21937944
random_sample_2,HNF1A,HNF1A_aim5,phyloP 470,0.473738,0.5483327269999999_pos_HNF1A_aim_0.5491410775555555_11_chr1_21937776_21937944
random_sample_2,HNF1A,HNF1A_aim5,phastCons 100,0.516333,0.5483327269999999_pos_HNF1A_aim_0.5491410775555555_11_chr1_21937776_21937944
random_sample_2,HNF1A,HNF1A_aim5,phastCons 470,0.568667,0.5483327269999999_pos_HNF1A_aim_0.5491410775555555_11_chr1_21937776_21937944
random_sample_2,HNF1A,HNF1A_aim5,GPN-MSA,0.600369,0.5483327269999999_pos_HNF1A_aim_0.5491410775555555_11_chr1_21937776_21937944
random_sample_2,HNF1A,HNF1A_aim6,DeepACE-randaug,0.526536,0.544727686_pos_HNF1A_aim_0.5491410775555555_11_chr5_134648284_134648452
random_sample_2,HNF1A,HNF1A_aim6,DeepACE-random,0.566869,0.544727686_pos_HNF1A_aim_0.5491410775555555_11_chr5_134648284_134648452
random_sample_2,HNF1A,HNF1A_aim6,DeepACE-cold,0.645833,0.544727686_pos_HNF1A_aim_0.5491410775555555_11_chr5_134648284_134648452
random_sample_2,HNF1A,HNF1A_aim6,Evo2,0.434988,0.544727686_pos_HNF1A_aim_0.5491410775555555_11_chr5_134648284_134648452
random_sample_2,HNF1A,HNF1A_aim6,promoterAI,0.742563,0.544727686_pos_HNF1A_aim_0.5491410775555555_11_chr5_134648284_134648452
random_sample_2,HNF1A,HNF1A_aim6,phyloP 100,0.398583,0.544727686_pos_HNF1A_aim_0.5491410775555555_11_chr5_134648284_134648452
random_sample_2,HNF1A,HNF1A_aim6,phyloP 470,0.374183,0.544727686_pos_HNF1A_aim_0.5491410775555555_11_chr5_134648284_134648452
random_sample_2,HNF1A,HNF1A_aim6,phastCons 100,0.62,0.544727686_pos_HNF1A_aim_0.5491410775555555_11_chr5_134648284_134648452
random_sample_2,HNF1A,HNF1A_aim6,phastCons 470,0.49,0.544727686_pos_HNF1A_aim_0.5491410775555555_11_chr5_134648284_134648452
random_sample_2,HNF1A,HNF1A_aim6,GPN-MSA,0.752405,0.544727686_pos_HNF1A_aim_0.5491410775555555_11_chr5_134648284_134648452
random_sample_2,HNF1A,HNF1A_aim7,DeepACE-randaug,0.697286,0.5423570449999999_pos_HNF1A_aim_0.5491410775555555_10_chr19_11888290_11888458
random_sample_2,HNF1A,HNF1A_aim7,DeepACE-random,0.733036,0.5423570449999999_pos_HNF1A_aim_0.5491410775555555_10_chr19_11888290_11888458
random_sample_2,HNF1A,HNF1A_aim7,DeepACE-cold,0.751369,0.5423570449999999_pos_HNF1A_aim_0.5491410775555555_10_chr19_11888290_11888458
random_sample_2,HNF1A,HNF1A_aim7,Evo2,0.495488,0.5423570449999999_pos_HNF1A_aim_0.5491410775555555_10_chr19_11888290_11888458
random_sample_2,HNF1A,HNF1A_aim7,promoterAI,0.871036,0.5423570449999999_pos_HNF1A_aim_0.5491410775555555_10_chr19_11888290_11888458
random_sample_2,HNF1A,HNF1A_aim7,phyloP 100,0.674369,0.5423570449999999_pos_HNF1A_aim_0.5491410775555555_10_chr19_11888290_11888458
random_sample_2,HNF1A,HNF1A_aim7,phyloP 470,0.371083,0.5423570449999999_pos_HNF1A_aim_0.5491410775555555_10_chr19_11888290_11888458
random_sample_2,HNF1A,HNF1A_aim7,phastCons 100,0.715738,0.5423570449999999_pos_HNF1A_aim_0.5491410775555555_10_chr19_11888290_11888458
random_sample_2,HNF1A,HNF1A_aim7,phastCons 470,0.49,0.5423570449999999_pos_HNF1A_aim_0.5491410775555555_10_chr19_11888290_11888458
random_sample_2,HNF1A,HNF1A_aim7,GPN-MSA,0.704488,0.5423570449999999_pos_HNF1A_aim_0.5491410775555555_10_chr19_11888290_11888458
random_sample_2,HNF1A,HNF1A_aim8,DeepACE-randaug,0.785917,0.639747075_pos_HNF1A_aim_0.6374021638888889_11_chr2_113126954_113127122
random_sample_2,HNF1A,HNF1A_aim8,DeepACE-random,0.680917,0.639747075_pos_HNF1A_aim_0.6374021638888889_11_chr2_113126954_113127122
random_sample_2,HNF1A,HNF1A_aim8,DeepACE-cold,0.680917,0.639747075_pos_HNF1A_aim_0.6374021638888889_11_chr2_113126954_113127122
random_sample_2,HNF1A,HNF1A_aim8,Evo2,0.401857,0.639747075_pos_HNF1A_aim_0.6374021638888889_11_chr2_113126954_113127122
random_sample_2,HNF1A,HNF1A_aim8,promoterAI,0.692702,0.639747075_pos_HNF1A_aim_0.6374021638888889_11_chr2_113126954_113127122
random_sample_2,HNF1A,HNF1A_aim8,phyloP 100,0.390246,0.639747075_pos_HNF1A_aim_0.6374021638888889_11_chr2_113126954_113127122
random_sample_2,HNF1A,HNF1A_aim8,phyloP 470,0.420583,0.639747075_pos_HNF1A_aim_0.6374021638888889_11_chr2_113126954_113127122
random_sample_2,HNF1A,HNF1A_aim8,phastCons 100,0.62675,0.639747075_pos_HNF1A_aim_0.6374021638888889_11_chr2_113126954_113127122
random_sample_2,HNF1A,HNF1A_aim8,phastCons 470,0.49,0.639747075_pos_HNF1A_aim_0.6374021638888889_11_chr2_113126954_113127122
random_sample_2,HNF1A,HNF1A_aim8,GPN-MSA,0.656036,0.639747075_pos_HNF1A_aim_0.6374021638888889_11_chr2_113126954_113127122
random_sample_2,HNF1A,HNF1A_aim9,DeepACE-randaug,0.82,0.6356847309999999_pos_HNF1A_aim_0.6374021638888889_11_chr2_85742500_85742668
random_sample_2,HNF1A,HNF1A_aim9,DeepACE-random,0.808333,0.6356847309999999_pos_HNF1A_aim_0.6374021638888889_11_chr2_85742500_85742668
random_sample_2,HNF1A,HNF1A_aim9,DeepACE-cold,0.767083,0.6356847309999999_pos_HNF1A_aim_0.6374021638888889_11_chr2_85742500_85742668
random_sample_2,HNF1A,HNF1A_aim9,Evo2,0.681833,0.6356847309999999_pos_HNF1A_aim_0.6374021638888889_11_chr2_85742500_85742668
random_sample_2,HNF1A,HNF1A_aim9,promoterAI,0.603,0.6356847309999999_pos_HNF1A_aim_0.6374021638888889_11_chr2_85742500_85742668
random_sample_2,HNF1A,HNF1A_aim9,phyloP 100,0.73369,0.6356847309999999_pos_HNF1A_aim_0.6374021638888889_11_chr2_85742500_85742668
random_sample_2,HNF1A,HNF1A_aim9,phyloP 470,0.736821,0.6356847309999999_pos_HNF1A_aim_0.6374021638888889_11_chr2_85742500_85742668
random_sample_2,HNF1A,HNF1A_aim9,phastCons 100,0.6885,0.6356847309999999_pos_HNF1A_aim_0.6374021638888889_11_chr2_85742500_85742668
random_sample_2,HNF1A,HNF1A_aim9,phastCons 470,0.6885,0.6356847309999999_pos_HNF1A_aim_0.6374021638888889_11_chr2_85742500_85742668
random_sample_2,HNF1A,HNF1A_aim9,GPN-MSA,0.746786,0.6356847309999999_pos_HNF1A_aim_0.6374021638888889_11_chr2_85742500_85742668
random_sample_2,HNF1A,HNF1A_aim10,DeepACE-randaug,0.751369,0.629225445_pos_HNF1A_aim_0.6374021638888889_10_chr20_2102360_2102528
random_sample_2,HNF1A,HNF1A_aim10,DeepACE-random,0.751369,0.629225445_pos_HNF1A_aim_0.6374021638888889_10_chr20_2102360_2102528
random_sample_2,HNF1A,HNF1A_aim10,DeepACE-cold,0.665202,0.629225445_pos_HNF1A_aim_0.6374021638888889_10_chr20_2102360_2102528
random_sample_2,HNF1A,HNF1A_aim10,Evo2,0.31569,0.629225445_pos_HNF1A_aim_0.6374021638888889_10_chr20_2102360_2102528
random_sample_2,HNF1A,HNF1A_aim10,promoterAI,0.429357,0.629225445_pos_HNF1A_aim_0.6374021638888889_10_chr20_2102360_2102528
random_sample_2,HNF1A,HNF1A_aim10,phyloP 100,0.589238,0.629225445_pos_HNF1A_aim_0.6374021638888889_10_chr20_2102360_2102528
random_sample_2,HNF1A,HNF1A_aim10,phyloP 470,0.384833,0.629225445_pos_HNF1A_aim_0.6374021638888889_10_chr20_2102360_2102528
random_sample_2,HNF1A,HNF1A_aim10,phastCons 100,0.675,0.629225445_pos_HNF1A_aim_0.6374021638888889_10_chr20_2102360_2102528
random_sample_2,HNF1A,HNF1A_aim10,phastCons 470,0.54425,0.629225445_pos_HNF1A_aim_0.6374021638888889_10_chr20_2102360_2102528
random_sample_2,HNF1A,HNF1A_aim10,GPN-MSA,0.734071,0.629225445_pos_HNF1A_aim_0.6374021638888889_10_chr20_2102360_2102528
random_sample_2,HNF1A,HNF1A_aim11,DeepACE-randaug,0.846036,0.647422709_pos_HNF1A_aim_0.6374021638888889_11_chr9_129488835_129489003
random_sample_2,HNF1A,HNF1A_aim11,DeepACE-random,0.75675,0.647422709_pos_HNF1A_aim_0.6374021638888889_11_chr9_129488835_129489003
random_sample_2,HNF1A,HNF1A_aim11,DeepACE-cold,0.741036,0.647422709_pos_HNF1A_aim_0.6374021638888889_11_chr9_129488835_129489003
random_sample_2,HNF1A,HNF1A_aim11,Evo2,0.555071,0.647422709_pos_HNF1A_aim_0.6374021638888889_11_chr9_129488835_129489003
random_sample_2,HNF1A,HNF1A_aim11,promoterAI,0.315079,0.647422709_pos_HNF1A_aim_0.6374021638888889_11_chr9_129488835_129489003
random_sample_2,HNF1A,HNF1A_aim11,phyloP 100,0.693357,0.647422709_pos_HNF1A_aim_0.6374021638888889_11_chr9_129488835_129489003
random_sample_2,HNF1A,HNF1A_aim11,phyloP 470,0.371083,0.647422709_pos_HNF1A_aim_0.6374021638888889_11_chr9_129488835_129489003
random_sample_2,HNF1A,HNF1A_aim11,phastCons 100,0.708,0.647422709_pos_HNF1A_aim_0.6374021638888889_11_chr9_129488835_129489003
random_sample_2,HNF1A,HNF1A_aim11,phastCons 470,0.565,0.647422709_pos_HNF1A_aim_0.6374021638888889_11_chr9_129488835_129489003
random_sample_2,HNF1A,HNF1A_aim11,GPN-MSA,0.775321,0.647422709_pos_HNF1A_aim_0.6374021638888889_11_chr9_129488835_129489003
random_sample_2,HNF4A,HNF4A_geo1,DeepACE-randaug,0.436952,0.9997705609999998_pos_HNF4A_top_00_chr9_37568647_37568815
random_sample_2,HNF4A,HNF4A_geo1,DeepACE-random,0.555202,0.9997705609999998_pos_HNF4A_top_00_chr9_37568647_37568815
random_sample_2,HNF4A,HNF4A_geo1,DeepACE-cold,0.436952,0.9997705609999998_pos_HNF4A_top_00_chr9_37568647_37568815
random_sample_2,HNF4A,HNF4A_geo1,Evo2,0.353405,0.9997705609999998_pos_HNF4A_top_00_chr9_37568647_37568815
random_sample_2,HNF4A,HNF4A_geo1,promoterAI,0.540417,0.9997705609999998_pos_HNF4A_top_00_chr9_37568647_37568815
random_sample_2,HNF4A,HNF4A_geo1,phyloP 100,0.497833,0.9997705609999998_pos_HNF4A_top_00_chr9_37568647_37568815
random_sample_2,HNF4A,HNF4A_geo1,phyloP 470,0.503083,0.9997705609999998_pos_HNF4A_top_00_chr9_37568647_37568815
random_sample_2,HNF4A,HNF4A_geo1,phastCons 100,0.558333,0.9997705609999998_pos_HNF4A_top_00_chr9_37568647_37568815
random_sample_2,HNF4A,HNF4A_geo1,phastCons 470,0.4795,0.9997705609999998_pos_HNF4A_top_00_chr9_37568647_37568815
random_sample_2,HNF4A,HNF4A_geo1,GPN-MSA,0.667341,0.9997705609999998_pos_HNF4A_top_00_chr9_37568647_37568815
random_sample_2,HNF4A,HNF4A_geo2,DeepACE-randaug,0.827702,0.999696318_pos_HNF4A_top_00_chr2_71388264_71388432
random_sample_2,HNF4A,HNF4A_geo2,DeepACE-random,0.626571,0.999696318_pos_HNF4A_top_00_chr2_71388264_71388432
random_sample_2,HNF4A,HNF4A_geo2,DeepACE-cold,0.604571,0.999696318_pos_HNF4A_top_00_chr2_71388264_71388432
random_sample_2,HNF4A,HNF4A_geo2,Evo2,0.581655,0.999696318_pos_HNF4A_top_00_chr2_71388264_71388432
random_sample_2,HNF4A,HNF4A_geo2,promoterAI,0.307833,0.999696318_pos_HNF4A_top_00_chr2_71388264_71388432
random_sample_2,HNF4A,HNF4A_geo2,phyloP 100,0.526643,0.999696318_pos_HNF4A_top_00_chr2_71388264_71388432
random_sample_2,HNF4A,HNF4A_geo2,phyloP 470,0.526643,0.999696318_pos_HNF4A_top_00_chr2_71388264_71388432
random_sample_2,HNF4A,HNF4A_geo2,phastCons 100,0.341357,0.999696318_pos_HNF4A_top_00_chr2_71388264_71388432
random_sample_2,HNF4A,HNF4A_geo2,phastCons 470,0.412857,0.999696318_pos_HNF4A_top_00_chr2_71388264_71388432
random_sample_2,HNF4A,HNF4A_geo2,GPN-MSA,0.391738,0.999696318_pos_HNF4A_top_00_chr2_71388264_71388432
random_sample_2,HNF4A,HNF4A_aim1,DeepACE-randaug,0.674869,0.3361351744_pos_HNF4A_aim_0.33975238062222224_11_chr19_18136260_18136428
random_sample_2,HNF4A,HNF4A_aim1,DeepACE-random,0.631655,0.3361351744_pos_HNF4A_aim_0.33975238062222224_11_chr19_18136260_18136428
random_sample_2,HNF4A,HNF4A_aim1,DeepACE-cold,0.569869,0.3361351744_pos_HNF4A_aim_0.33975238062222224_11_chr19_18136260_18136428
random_sample_2,HNF4A,HNF4A_aim1,Evo2,0.34319,0.3361351744_pos_HNF4A_aim_0.33975238062222224_11_chr19_18136260_18136428
random_sample_2,HNF4A,HNF4A_aim1,promoterAI,0.574357,0.3361351744_pos_HNF4A_aim_0.33975238062222224_11_chr19_18136260_18136428
random_sample_2,HNF4A,HNF4A_aim1,phyloP 100,0.416262,0.3361351744_pos_HNF4A_aim_0.33975238062222224_11_chr19_18136260_18136428
random_sample_2,HNF4A,HNF4A_aim1,phyloP 470,0.404988,0.3361351744_pos_HNF4A_aim_0.33975238062222224_11_chr19_18136260_18136428
random_sample_2,HNF4A,HNF4A_aim1,phastCons 100,0.552833,0.3361351744_pos_HNF4A_aim_0.33975238062222224_11_chr19_18136260_18136428
random_sample_2,HNF4A,HNF4A_aim1,phastCons 470,0.5125,0.3361351744_pos_HNF4A_aim_0.33975238062222224_11_chr19_18136260_18136428
random_sample_2,HNF4A,HNF4A_aim1,GPN-MSA,0.615833,0.3361351744_pos_HNF4A_aim_0.33975238062222224_11_chr19_18136260_18136428
random_sample_2,HNF4A,HNF4A_aim2,DeepACE-randaug,0.36519,0.3314389765_pos_HNF4A_aim_0.33975238062222224_01_chr20_34052709_34052877
random_sample_2,HNF4A,HNF4A_aim2,DeepACE-random,0.456857,0.3314389765_pos_HNF4A_aim_0.33975238062222224_01_chr20_34052709_34052877
random_sample_2,HNF4A,HNF4A_aim2,DeepACE-cold,0.379857,0.3314389765_pos_HNF4A_aim_0.33975238062222224_01_chr20_34052709_34052877
random_sample_2,HNF4A,HNF4A_aim2,Evo2,0.380905,0.3314389765_pos_HNF4A_aim_0.33975238062222224_01_chr20_34052709_34052877
random_sample_2,HNF4A,HNF4A_aim2,promoterAI,0.577071,0.3314389765_pos_HNF4A_aim_0.33975238062222224_01_chr20_34052709_34052877
random_sample_2,HNF4A,HNF4A_aim2,phyloP 100,0.468238,0.3314389765_pos_HNF4A_aim_0.33975238062222224_01_chr20_34052709_34052877
random_sample_2,HNF4A,HNF4A_aim2,phyloP 470,0.393083,0.3314389765_pos_HNF4A_aim_0.33975238062222224_01_chr20_34052709_34052877
random_sample_2,HNF4A,HNF4A_aim2,phastCons 100,0.497833,0.3314389765_pos_HNF4A_aim_0.33975238062222224_01_chr20_34052709_34052877
random_sample_2,HNF4A,HNF4A_aim2,phastCons 470,0.4245,0.3314389765_pos_HNF4A_aim_0.33975238062222224_01_chr20_34052709_34052877
random_sample_2,HNF4A,HNF4A_aim2,GPN-MSA,0.411405,0.3314389765_pos_HNF4A_aim_0.33975238062222224_01_chr20_34052709_34052877
random_sample_2,HNF4A,HNF4A_aim3,DeepACE-randaug,0.604571,0.3279082508000001_pos_HNF4A_aim_0.33975238062222224_10_chr22_29766476_29766644
random_sample_2,HNF4A,HNF4A_aim3,DeepACE-random,0.451357,0.3279082508000001_pos_HNF4A_aim_0.33975238062222224_10_chr22_29766476_29766644
random_sample_2,HNF4A,HNF4A_aim3,DeepACE-cold,0.38719,0.3279082508000001_pos_HNF4A_aim_0.33975238062222224_10_chr22_29766476_29766644
random_sample_2,HNF4A,HNF4A_aim3,Evo2,0.555202,0.3279082508000001_pos_HNF4A_aim_0.33975238062222224_10_chr22_29766476_29766644
random_sample_2,HNF4A,HNF4A_aim3,promoterAI,0.739016,0.3279082508000001_pos_HNF4A_aim_0.33975238062222224_10_chr22_29766476_29766644
random_sample_2,HNF4A,HNF4A_aim3,phyloP 100,0.604036,0.3279082508000001_pos_HNF4A_aim_0.33975238062222224_10_chr22_29766476_29766644
random_sample_2,HNF4A,HNF4A_aim3,phyloP 470,0.578774,0.3279082508000001_pos_HNF4A_aim_0.33975238062222224_10_chr22_29766476_29766644
random_sample_2,HNF4A,HNF4A_aim3,phastCons 100,0.472167,0.3279082508000001_pos_HNF4A_aim_0.33975238062222224_10_chr22_29766476_29766644
random_sample_2,HNF4A,HNF4A_aim3,phastCons 470,0.4795,0.3279082508000001_pos_HNF4A_aim_0.33975238062222224_10_chr22_29766476_29766644
random_sample_2,HNF4A,HNF4A_aim3,GPN-MSA,0.48356,0.3279082508000001_pos_HNF4A_aim_0.33975238062222224_10_chr22_29766476_29766644
random_sample_2,HNF4A,HNF4A_aim4,DeepACE-randaug,0.852702,0.341191095_pos_HNF4A_aim_0.33975238062222224_00_chr10_37831592_37831760
random_sample_2,HNF4A,HNF4A_aim4,DeepACE-random,0.674369,0.341191095_pos_HNF4A_aim_0.33975238062222224_00_chr10_37831592_37831760
random_sample_2,HNF4A,HNF4A_aim4,DeepACE-cold,0.554155,0.341191095_pos_HNF4A_aim_0.33975238062222224_00_chr10_37831592_37831760
random_sample_2,HNF4A,HNF4A_aim4,Evo2,0.512905,0.341191095_pos_HNF4A_aim_0.33975238062222224_00_chr10_37831592_37831760
random_sample_2,HNF4A,HNF4A_aim4,promoterAI,0.673155,0.341191095_pos_HNF4A_aim_0.33975238062222224_00_chr10_37831592_37831760
random_sample_2,HNF4A,HNF4A_aim4,phyloP 100,0.398583,0.341191095_pos_HNF4A_aim_0.33975238062222224_00_chr10_37831592_37831760
random_sample_2,HNF4A,HNF4A_aim4,phyloP 470,0.395746,0.341191095_pos_HNF4A_aim_0.33975238062222224_00_chr10_37831592_37831760
random_sample_2,HNF4A,HNF4A_aim4,phastCons 100,0.49,0.341191095_pos_HNF4A_aim_0.33975238062222224_00_chr10_37831592_37831760
random_sample_2,HNF4A,HNF4A_aim4,phastCons 470,0.406746,0.341191095_pos_HNF4A_aim_0.33975238062222224_00_chr10_37831592_37831760
random_sample_2,HNF4A,HNF4A_aim4,GPN-MSA,0.641369,0.341191095_pos_HNF4A_aim_0.33975238062222224_00_chr10_37831592_37831760
random_sample_2,HNF4A,HNF4A_aim5,DeepACE-randaug,0.548536,0.5724751379999999_pos_HNF4A_aim_0.5731083673555555_01_chr9_137506700_137506868
random_sample_2,HNF4A,HNF4A_aim5,DeepACE-random,0.563202,0.5724751379999999_pos_HNF4A_aim_0.5731083673555555_01_chr9_137506700_137506868
random_sample_2,HNF4A,HNF4A_aim5,DeepACE-cold,0.563202,0.5724751379999999_pos_HNF4A_aim_0.5731083673555555_01_chr9_137506700_137506868
random_sample_2,HNF4A,HNF4A_aim5,Evo2,0.408405,0.5724751379999999_pos_HNF4A_aim_0.5731083673555555_01_chr9_137506700_137506868
random_sample_2,HNF4A,HNF4A_aim5,promoterAI,0.581536,0.5724751379999999_pos_HNF4A_aim_0.5731083673555555_01_chr9_137506700_137506868
random_sample_2,HNF4A,HNF4A_aim5,phyloP 100,0.450821,0.5724751379999999_pos_HNF4A_aim_0.5731083673555555_01_chr9_137506700_137506868
random_sample_2,HNF4A,HNF4A_aim5,phyloP 470,0.391817,0.5724751379999999_pos_HNF4A_aim_0.5731083673555555_01_chr9_137506700_137506868
random_sample_2,HNF4A,HNF4A_aim5,phastCons 100,0.4245,0.5724751379999999_pos_HNF4A_aim_0.5731083673555555_01_chr9_137506700_137506868
random_sample_2,HNF4A,HNF4A_aim5,phastCons 470,0.4135,0.5724751379999999_pos_HNF4A_aim_0.5731083673555555_01_chr9_137506700_137506868
random_sample_2,HNF4A,HNF4A_aim5,GPN-MSA,0.427917,0.5724751379999999_pos_HNF4A_aim_0.5731083673555555_01_chr9_137506700_137506868
random_sample_2,HNF4A,HNF4A_aim6,DeepACE-randaug,0.584536,0.562326565_pos_HNF4A_aim_0.5731083673555555_01_chr19_7484026_7484194
random_sample_2,HNF4A,HNF4A_aim6,DeepACE-random,0.544988,0.562326565_pos_HNF4A_aim_0.5731083673555555_01_chr19_7484026_7484194
random_sample_2,HNF4A,HNF4A_aim6,DeepACE-cold,0.631155,0.562326565_pos_HNF4A_aim_0.5731083673555555_01_chr19_7484026_7484194
random_sample_2,HNF4A,HNF4A_aim6,Evo2,0.647524,0.562326565_pos_HNF4A_aim_0.5731083673555555_01_chr19_7484026_7484194
random_sample_2,HNF4A,HNF4A_aim6,promoterAI,0.485405,0.562326565_pos_HNF4A_aim_0.5731083673555555_01_chr19_7484026_7484194
random_sample_2,HNF4A,HNF4A_aim6,phyloP 100,0.424512,0.562326565_pos_HNF4A_aim_0.5731083673555555_01_chr19_7484026_7484194
random_sample_2,HNF4A,HNF4A_aim6,phyloP 470,,0.562326565_pos_HNF4A_aim_0.5731083673555555_01_chr19_7484026_7484194
random_sample_2,HNF4A,HNF4A_aim6,phastCons 100,0.360071,0.562326565_pos_HNF4A_aim_0.5731083673555555_01_chr19_7484026_7484194
random_sample_2,HNF4A,HNF4A_aim6,phastCons 470,,0.562326565_pos_HNF4A_aim_0.5731083673555555_01_chr19_7484026_7484194
random_sample_2,HNF4A,HNF4A_aim6,GPN-MSA,0.357857,0.562326565_pos_HNF4A_aim_0.5731083673555555_01_chr19_7484026_7484194
random_sample_2,HNF4A,HNF4A_aim7,DeepACE-randaug,0.544869,0.564055917_pos_HNF4A_aim_0.5731083673555555_11_chr11_62599376_62599544
random_sample_2,HNF4A,HNF4A_aim7,DeepACE-random,0.558619,0.564055917_pos_HNF4A_aim_0.5731083673555555_11_chr11_62599376_62599544
random_sample_2,HNF4A,HNF4A_aim7,DeepACE-cold,0.470488,0.564055917_pos_HNF4A_aim_0.5731083673555555_11_chr11_62599376_62599544
random_sample_2,HNF4A,HNF4A_aim7,Evo2,0.540405,0.564055917_pos_HNF4A_aim_0.5731083673555555_11_chr11_62599376_62599544
random_sample_2,HNF4A,HNF4A_aim7,promoterAI,0.37619,0.564055917_pos_HNF4A_aim_0.5731083673555555_11_chr11_62599376_62599544
random_sample_2,HNF4A,HNF4A_aim7,phyloP 100,0.5705,0.564055917_pos_HNF4A_aim_0.5731083673555555_11_chr11_62599376_62599544
random_sample_2,HNF4A,HNF4A_aim7,phyloP 470,0.47925,0.564055917_pos_HNF4A_aim_0.5731083673555555_11_chr11_62599376_62599544
random_sample_2,HNF4A,HNF4A_aim7,phastCons 100,0.530179,0.564055917_pos_HNF4A_aim_0.5731083673555555_11_chr11_62599376_62599544
random_sample_2,HNF4A,HNF4A_aim7,phastCons 470,0.452,0.564055917_pos_HNF4A_aim_0.5731083673555555_11_chr11_62599376_62599544
random_sample_2,HNF4A,HNF4A_aim7,GPN-MSA,0.47925,0.564055917_pos_HNF4A_aim_0.5731083673555555_11_chr11_62599376_62599544
random_sample_2,HNF4A,HNF4A_aim8,DeepACE-randaug,0.840917,0.569083813_pos_HNF4A_aim_0.5731083673555555_01_chr1_25163876_25164044
random_sample_2,HNF4A,HNF4A_aim8,DeepACE-random,0.840917,0.569083813_pos_HNF4A_aim_0.5731083673555555_01_chr1_25163876_25164044
random_sample_2,HNF4A,HNF4A_aim8,DeepACE-cold,0.825202,0.569083813_pos_HNF4A_aim_0.5731083673555555_01_chr1_25163876_25164044
random_sample_2,HNF4A,HNF4A_aim8,Evo2,0.634036,0.569083813_pos_HNF4A_aim_0.5731083673555555_01_chr1_25163876_25164044
random_sample_2,HNF4A,HNF4A_aim8,promoterAI,0.61004,0.569083813_pos_HNF4A_aim_0.5731083673555555_01_chr1_25163876_25164044
random_sample_2,HNF4A,HNF4A_aim8,phyloP 100,0.710794,0.569083813_pos_HNF4A_aim_0.5731083673555555_01_chr1_25163876_25164044
random_sample_2,HNF4A,HNF4A_aim8,phyloP 470,0.678079,0.569083813_pos_HNF4A_aim_0.5731083673555555_01_chr1_25163876_25164044
random_sample_2,HNF4A,HNF4A_aim8,phastCons 100,0.78394,0.569083813_pos_HNF4A_aim_0.5731083673555555_01_chr1_25163876_25164044
random_sample_2,HNF4A,HNF4A_aim8,phastCons 470,0.818,0.569083813_pos_HNF4A_aim_0.5731083673555555_01_chr1_25163876_25164044
random_sample_2,HNF4A,HNF4A_aim8,GPN-MSA,0.586083,0.569083813_pos_HNF4A_aim_0.5731083673555555_01_chr1_25163876_25164044
random_sample_2,HNF4A,HNF4A_aim9,DeepACE-randaug,0.939667,0.57221882_pos_HNF4A_aim_0.5731083673555555_01_chr3_170494030_170494198
random_sample_2,HNF4A,HNF4A_aim9,DeepACE-random,0.857286,0.57221882_pos_HNF4A_aim_0.5731083673555555_01_chr3_170494030_170494198
random_sample_2,HNF4A,HNF4A_aim9,DeepACE-cold,0.884786,0.57221882_pos_HNF4A_aim_0.5731083673555555_01_chr3_170494030_170494198
random_sample_2,HNF4A,HNF4A_aim9,Evo2,0.577571,0.57221882_pos_HNF4A_aim_0.5731083673555555_01_chr3_170494030_170494198
random_sample_2,HNF4A,HNF4A_aim9,promoterAI,0.647524,0.57221882_pos_HNF4A_aim_0.5731083673555555_01_chr3_170494030_170494198
random_sample_2,HNF4A,HNF4A_aim9,phyloP 100,0.408655,0.57221882_pos_HNF4A_aim_0.5731083673555555_01_chr3_170494030_170494198
random_sample_2,HNF4A,HNF4A_aim9,phyloP 470,0.414155,0.57221882_pos_HNF4A_aim_0.5731083673555555_01_chr3_170494030_170494198
random_sample_2,HNF4A,HNF4A_aim9,phastCons 100,0.4795,0.57221882_pos_HNF4A_aim_0.5731083673555555_01_chr3_170494030_170494198
random_sample_2,HNF4A,HNF4A_aim9,phastCons 470,0.4575,0.57221882_pos_HNF4A_aim_0.5731083673555555_01_chr3_170494030_170494198
random_sample_2,HNF4A,HNF4A_aim9,GPN-MSA,0.477984,0.57221882_pos_HNF4A_aim_0.5731083673555555_01_chr3_170494030_170494198
random_sample_2,HNF4A,HNF4A_aim10,DeepACE-randaug,0.464452,0.804237472_pos_HNF4A_aim_0.8064643540888888_00_chr12_52262794_52262962
random_sample_2,HNF4A,HNF4A_aim10,DeepACE-random,0.581536,0.804237472_pos_HNF4A_aim_0.8064643540888888_00_chr12_52262794_52262962
random_sample_2,HNF4A,HNF4A_aim10,DeepACE-cold,0.462369,0.804237472_pos_HNF4A_aim_0.8064643540888888_00_chr12_52262794_52262962
random_sample_2,HNF4A,HNF4A_aim10,Evo2,0.550619,0.804237472_pos_HNF4A_aim_0.8064643540888888_00_chr12_52262794_52262962
random_sample_2,HNF4A,HNF4A_aim10,promoterAI,0.537667,0.804237472_pos_HNF4A_aim_0.8064643540888888_00_chr12_52262794_52262962
random_sample_2,HNF4A,HNF4A_aim10,phyloP 100,0.426389,0.804237472_pos_HNF4A_aim_0.8064643540888888_00_chr12_52262794_52262962
random_sample_2,HNF4A,HNF4A_aim10,phyloP 470,0.426389,0.804237472_pos_HNF4A_aim_0.8064643540888888_00_chr12_52262794_52262962
random_sample_2,HNF4A,HNF4A_aim10,phastCons 100,0.332889,0.804237472_pos_HNF4A_aim_0.8064643540888888_00_chr12_52262794_52262962
random_sample_2,HNF4A,HNF4A_aim10,phastCons 470,0.37225,0.804237472_pos_HNF4A_aim_0.8064643540888888_00_chr12_52262794_52262962
random_sample_2,HNF4A,HNF4A_aim10,GPN-MSA,0.450746,0.804237472_pos_HNF4A_aim_0.8064643540888888_00_chr12_52262794_52262962
random_sample_2,HNF4A,HNF4A_aim11,DeepACE-randaug,0.737071,0.793263506_pos_HNF4A_aim_0.8064643540888888_01_chr6_107221782_107221950
random_sample_2,HNF4A,HNF4A_aim11,DeepACE-random,0.766536,0.793263506_pos_HNF4A_aim_0.8064643540888888_01_chr6_107221782_107221950
random_sample_2,HNF4A,HNF4A_aim11,DeepACE-cold,0.750821,0.793263506_pos_HNF4A_aim_0.8064643540888888_01_chr6_107221782_107221950
random_sample_2,HNF4A,HNF4A_aim11,Evo2,0.513821,0.793263506_pos_HNF4A_aim_0.8064643540888888_01_chr6_107221782_107221950
random_sample_2,HNF4A,HNF4A_aim11,promoterAI,0.718869,0.793263506_pos_HNF4A_aim_0.8064643540888888_01_chr6_107221782_107221950
random_sample_2,HNF4A,HNF4A_aim11,phyloP 100,0.514083,0.793263506_pos_HNF4A_aim_0.8064643540888888_01_chr6_107221782_107221950
random_sample_2,HNF4A,HNF4A_aim11,phyloP 470,0.300413,0.793263506_pos_HNF4A_aim_0.8064643540888888_01_chr6_107221782_107221950
random_sample_2,HNF4A,HNF4A_aim11,phastCons 100,0.386,0.793263506_pos_HNF4A_aim_0.8064643540888888_01_chr6_107221782_107221950
random_sample_2,HNF4A,HNF4A_aim11,phastCons 470,0.3805,0.793263506_pos_HNF4A_aim_0.8064643540888888_01_chr6_107221782_107221950
random_sample_2,HNF4A,HNF4A_aim11,GPN-MSA,0.45069,0.793263506_pos_HNF4A_aim_0.8064643540888888_01_chr6_107221782_107221950
random_sample_2,HNF4A,HNF4A_aim12,DeepACE-randaug,0.658655,0.811116653_pos_HNF4A_aim_0.8064643540888888_11_chr16_69815249_69815417
random_sample_2,HNF4A,HNF4A_aim12,DeepACE-random,0.640321,0.811116653_pos_HNF4A_aim_0.8064643540888888_11_chr16_69815249_69815417
random_sample_2,HNF4A,HNF4A_aim12,DeepACE-cold,0.618321,0.811116653_pos_HNF4A_aim_0.8064643540888888_11_chr16_69815249_69815417
random_sample_2,HNF4A,HNF4A_aim12,Evo2,0.466024,0.811116653_pos_HNF4A_aim_0.8064643540888888_11_chr16_69815249_69815417
random_sample_2,HNF4A,HNF4A_aim12,promoterAI,0.645952,0.811116653_pos_HNF4A_aim_0.8064643540888888_11_chr16_69815249_69815417
random_sample_2,HNF4A,HNF4A_aim12,phyloP 100,0.482262,0.811116653_pos_HNF4A_aim_0.8064643540888888_11_chr16_69815249_69815417
random_sample_2,HNF4A,HNF4A_aim12,phyloP 470,0.68875,0.811116653_pos_HNF4A_aim_0.8064643540888888_11_chr16_69815249_69815417
random_sample_2,HNF4A,HNF4A_aim12,phastCons 100,0.43275,0.811116653_pos_HNF4A_aim_0.8064643540888888_11_chr16_69815249_69815417
random_sample_2,HNF4A,HNF4A_aim12,phastCons 470,0.497833,0.811116653_pos_HNF4A_aim_0.8064643540888888_11_chr16_69815249_69815417
random_sample_2,HNF4A,HNF4A_aim12,GPN-MSA,0.537905,0.811116653_pos_HNF4A_aim_0.8064643540888888_11_chr16_69815249_69815417
random_sample_3,ELF1,ELF1_geo1,DeepACE-randaug,0.746238,0.9988984350000001_pos_ELF1_top_10_chr10_49941955_49942123
random_sample_3,ELF1,ELF1_geo1,DeepACE-random,0.709571,0.9988984350000001_pos_ELF1_top_10_chr10_49941955_49942123
random_sample_3,ELF1,ELF1_geo1,DeepACE-cold,0.709571,0.9988984350000001_pos_ELF1_top_10_chr10_49941955_49942123
random_sample_3,ELF1,ELF1_geo1,Evo2,0.636655,0.9988984350000001_pos_ELF1_top_10_chr10_49941955_49942123
random_sample_3,ELF1,ELF1_geo1,promoterAI,0.556357,0.9988984350000001_pos_ELF1_top_10_chr10_49941955_49942123
random_sample_3,ELF1,ELF1_geo1,phyloP 100,0.671321,0.9988984350000001_pos_ELF1_top_10_chr10_49941955_49942123
random_sample_3,ELF1,ELF1_geo1,phyloP 470,0.760238,0.9988984350000001_pos_ELF1_top_10_chr10_49941955_49942123
random_sample_3,ELF1,ELF1_geo1,phastCons 100,0.652595,0.9988984350000001_pos_ELF1_top_10_chr10_49941955_49942123
random_sample_3,ELF1,ELF1_geo1,phastCons 470,0.609929,0.9988984350000001_pos_ELF1_top_10_chr10_49941955_49942123
random_sample_3,ELF1,ELF1_geo1,GPN-MSA,0.705393,0.9988984350000001_pos_ELF1_top_10_chr10_49941955_49942123
random_sample_3,ELF1,ELF1_geo2,DeepACE-randaug,0.899583,0.9983194370000001_pos_ELF1_top_10_chr16_77191076_77191244
random_sample_3,ELF1,ELF1_geo2,DeepACE-random,0.865536,0.9983194370000001_pos_ELF1_top_10_chr16_77191076_77191244
random_sample_3,ELF1,ELF1_geo2,DeepACE-cold,0.865536,0.9983194370000001_pos_ELF1_top_10_chr16_77191076_77191244
random_sample_3,ELF1,ELF1_geo2,Evo2,0.765619,0.9983194370000001_pos_ELF1_top_10_chr16_77191076_77191244
random_sample_3,ELF1,ELF1_geo2,promoterAI,0.6935,0.9983194370000001_pos_ELF1_top_10_chr16_77191076_77191244
random_sample_3,ELF1,ELF1_geo2,phyloP 100,0.739583,0.9983194370000001_pos_ELF1_top_10_chr16_77191076_77191244
random_sample_3,ELF1,ELF1_geo2,phyloP 470,0.622238,0.9983194370000001_pos_ELF1_top_10_chr16_77191076_77191244
random_sample_3,ELF1,ELF1_geo2,phastCons 100,0.670833,0.9983194370000001_pos_ELF1_top_10_chr16_77191076_77191244
random_sample_3,ELF1,ELF1_geo2,phastCons 470,0.670833,0.9983194370000001_pos_ELF1_top_10_chr16_77191076_77191244
random_sample_3,ELF1,ELF1_geo2,GPN-MSA,0.83675,0.9983194370000001_pos_ELF1_top_10_chr16_77191076_77191244
random_sample_3,ELF1,ELF1_geo3,DeepACE-randaug,0.843536,0.9971904_pos_ELF1_top_10_chr12_57936110_57936278
random_sample_3,ELF1,ELF1_geo3,DeepACE-random,0.840917,0.9971904_pos_ELF1_top_10_chr12_57936110_57936278
random_sample_3,ELF1,ELF1_geo3,DeepACE-cold,0.825083,0.9971904_pos_ELF1_top_10_chr12_57936110_57936278
random_sample_3,ELF1,ELF1_geo3,Evo2,0.731571,0.9971904_pos_ELF1_top_10_chr12_57936110_57936278
random_sample_3,ELF1,ELF1_geo3,promoterAI,0.732369,0.9971904_pos_ELF1_top_10_chr12_57936110_57936278
random_sample_3,ELF1,ELF1_geo3,phyloP 100,0.429083,0.9971904_pos_ELF1_top_10_chr12_57936110_57936278
random_sample_3,ELF1,ELF1_geo3,phyloP 470,0.707071,0.9971904_pos_ELF1_top_10_chr12_57936110_57936278
random_sample_3,ELF1,ELF1_geo3,phastCons 100,0.5125,0.9971904_pos_ELF1_top_10_chr12_57936110_57936278
random_sample_3,ELF1,ELF1_geo3,phastCons 470,0.661786,0.9971904_pos_ELF1_top_10_chr12_57936110_57936278
random_sample_3,ELF1,ELF1_geo3,GPN-MSA,0.430917,0.9971904_pos_ELF1_top_10_chr12_57936110_57936278
random_sample_3,ELF1,ELF1_geo4,DeepACE-randaug,0.815119,0.99703078_pos_ELF1_top_10_chr17_42773349_42773517
random_sample_3,ELF1,ELF1_geo4,DeepACE-random,0.787619,0.99703078_pos_ELF1_top_10_chr17_42773349_42773517
random_sample_3,ELF1,ELF1_geo4,DeepACE-cold,0.787619,0.99703078_pos_ELF1_top_10_chr17_42773349_42773517
random_sample_3,ELF1,ELF1_geo4,Evo2,0.801369,0.99703078_pos_ELF1_top_10_chr17_42773349_42773517
random_sample_3,ELF1,ELF1_geo4,promoterAI,0.652738,0.99703078_pos_ELF1_top_10_chr17_42773349_42773517
random_sample_3,ELF1,ELF1_geo4,phyloP 100,0.736405,0.99703078_pos_ELF1_top_10_chr17_42773349_42773517
random_sample_3,ELF1,ELF1_geo4,phyloP 470,0.791405,0.99703078_pos_ELF1_top_10_chr17_42773349_42773517
random_sample_3,ELF1,ELF1_geo4,phastCons 100,0.736405,0.99703078_pos_ELF1_top_10_chr17_42773349_42773517
random_sample_3,ELF1,ELF1_geo4,phastCons 470,0.569071,0.99703078_pos_ELF1_top_10_chr17_42773349_42773517
random_sample_3,ELF1,ELF1_geo4,GPN-MSA,0.565405,0.99703078_pos_ELF1_top_10_chr17_42773349_42773517
random_sample_3,ELF1,ELF1_aim1,DeepACE-randaug,0.491952,0.489776723_pos_ELF1_aim_0.4885437176111112_11_chr17_41908328_41908496
random_sample_3,ELF1,ELF1_aim1,DeepACE-random,0.479119,0.489776723_pos_ELF1_aim_0.4885437176111112_11_chr17_41908328_41908496
random_sample_3,ELF1,ELF1_aim1,DeepACE-cold,0.471655,0.489776723_pos_ELF1_aim_0.4885437176111112_11_chr17_41908328_41908496
random_sample_3,ELF1,ELF1_aim1,Evo2,0.522071,0.489776723_pos_ELF1_aim_0.4885437176111112_11_chr17_41908328_41908496
random_sample_3,ELF1,ELF1_aim1,promoterAI,0.624869,0.489776723_pos_ELF1_aim_0.4885437176111112_11_chr17_41908328_41908496
random_sample_3,ELF1,ELF1_aim1,phyloP 100,0.530833,0.489776723_pos_ELF1_aim_0.4885437176111112_11_chr17_41908328_41908496
random_sample_3,ELF1,ELF1_aim1,phyloP 470,0.6335,0.489776723_pos_ELF1_aim_0.4885437176111112_11_chr17_41908328_41908496
random_sample_3,ELF1,ELF1_aim1,phastCons 100,0.49,0.489776723_pos_ELF1_aim_0.4885437176111112_11_chr17_41908328_41908496
random_sample_3,ELF1,ELF1_aim1,phastCons 470,0.49,0.489776723_pos_ELF1_aim_0.4885437176111112_11_chr17_41908328_41908496
random_sample_3,ELF1,ELF1_aim1,GPN-MSA,0.405,0.489776723_pos_ELF1_aim_0.4885437176111112_11_chr17_41908328_41908496
random_sample_3,ELF1,ELF1_aim2,DeepACE-randaug,0.611119,0.48907900700000007_pos_ELF1_aim_0.4885437176111112_11_chr8_100720885_100721053
random_sample_3,ELF1,ELF1_aim2,DeepACE-random,0.556119,0.48907900700000007_pos_ELF1_aim_0.4885437176111112_11_chr8_100720885_100721053
random_sample_3,ELF1,ELF1_aim2,DeepACE-cold,0.556119,0.48907900700000007_pos_ELF1_aim_0.4885437176111112_11_chr8_100720885_100721053
random_sample_3,ELF1,ELF1_aim2,Evo2,0.416524,0.48907900700000007_pos_ELF1_aim_0.4885437176111112_11_chr8_100720885_100721053
random_sample_3,ELF1,ELF1_aim2,promoterAI,0.541452,0.48907900700000007_pos_ELF1_aim_0.4885437176111112_11_chr8_100720885_100721053
random_sample_3,ELF1,ELF1_aim2,phyloP 100,0.472746,0.48907900700000007_pos_ELF1_aim_0.4885437176111112_11_chr8_100720885_100721053
random_sample_3,ELF1,ELF1_aim2,phyloP 470,0.551056,0.48907900700000007_pos_ELF1_aim_0.4885437176111112_11_chr8_100720885_100721053
random_sample_3,ELF1,ELF1_aim2,phastCons 100,0.504,0.48907900700000007_pos_ELF1_aim_0.4885437176111112_11_chr8_100720885_100721053
random_sample_3,ELF1,ELF1_aim2,phastCons 470,0.490556,0.48907900700000007_pos_ELF1_aim_0.4885437176111112_11_chr8_100720885_100721053
random_sample_3,ELF1,ELF1_aim2,GPN-MSA,0.443413,0.48907900700000007_pos_ELF1_aim_0.4885437176111112_11_chr8_100720885_100721053
random_sample_3,ELF1,ELF1_aim3,DeepACE-randaug,0.640821,0.4816352619999999_pos_ELF1_aim_0.4885437176111112_00_chr11_118956756_118956924
random_sample_3,ELF1,ELF1_aim3,DeepACE-random,0.457905,0.4816352619999999_pos_ELF1_aim_0.4885437176111112_00_chr11_118956756_118956924
random_sample_3,ELF1,ELF1_aim3,DeepACE-cold,0.421238,0.4816352619999999_pos_ELF1_aim_0.4885437176111112_00_chr11_118956756_118956924
random_sample_3,ELF1,ELF1_aim3,Evo2,0.574452,0.4816352619999999_pos_ELF1_aim_0.4885437176111112_00_chr11_118956756_118956924
random_sample_3,ELF1,ELF1_aim3,promoterAI,0.434988,0.4816352619999999_pos_ELF1_aim_0.4885437176111112_00_chr11_118956756_118956924
random_sample_3,ELF1,ELF1_aim3,phyloP 100,0.624833,0.4816352619999999_pos_ELF1_aim_0.4885437176111112_00_chr11_118956756_118956924
random_sample_3,ELF1,ELF1_aim3,phyloP 470,0.641389,0.4816352619999999_pos_ELF1_aim_0.4885437176111112_00_chr11_118956756_118956924
random_sample_3,ELF1,ELF1_aim3,phastCons 100,0.5845,0.4816352619999999_pos_ELF1_aim_0.4885437176111112_00_chr11_118956756_118956924
random_sample_3,ELF1,ELF1_aim3,phastCons 470,0.49,0.4816352619999999_pos_ELF1_aim_0.4885437176111112_00_chr11_118956756_118956924
random_sample_3,ELF1,ELF1_aim3,GPN-MSA,0.459595,0.4816352619999999_pos_ELF1_aim_0.4885437176111112_00_chr11_118956756_118956924
random_sample_3,ELF1,ELF1_aim4,DeepACE-randaug,0.623833,0.6614242389999999_pos_ELF1_aim_0.6619496487777778_11_chr16_50720113_50720281
random_sample_3,ELF1,ELF1_aim4,DeepACE-random,0.786452,0.6614242389999999_pos_ELF1_aim_0.6619496487777778_11_chr16_50720113_50720281
random_sample_3,ELF1,ELF1_aim4,DeepACE-cold,0.772702,0.6614242389999999_pos_ELF1_aim_0.6619496487777778_11_chr16_50720113_50720281
random_sample_3,ELF1,ELF1_aim4,Evo2,0.589357,0.6614242389999999_pos_ELF1_aim_0.6619496487777778_11_chr16_50720113_50720281
random_sample_3,ELF1,ELF1_aim4,promoterAI,0.805833,0.6614242389999999_pos_ELF1_aim_0.6619496487777778_11_chr16_50720113_50720281
random_sample_3,ELF1,ELF1_aim4,phyloP 100,0.590317,0.6614242389999999_pos_ELF1_aim_0.6619496487777778_11_chr16_50720113_50720281
random_sample_3,ELF1,ELF1_aim4,phyloP 470,0.408,0.6614242389999999_pos_ELF1_aim_0.6619496487777778_11_chr16_50720113_50720281
random_sample_3,ELF1,ELF1_aim4,phastCons 100,0.807119,0.6614242389999999_pos_ELF1_aim_0.6619496487777778_11_chr16_50720113_50720281
random_sample_3,ELF1,ELF1_aim4,phastCons 470,0.564083,0.6614242389999999_pos_ELF1_aim_0.6619496487777778_11_chr16_50720113_50720281
random_sample_3,ELF1,ELF1_aim4,GPN-MSA,0.6115,0.6614242389999999_pos_ELF1_aim_0.6619496487777778_11_chr16_50720113_50720281
random_sample_3,ELF1,ELF1_aim5,DeepACE-randaug,0.852321,0.661941756_pos_ELF1_aim_0.6619496487777778_11_chr2_131491227_131491395
random_sample_3,ELF1,ELF1_aim5,DeepACE-random,0.840655,0.661941756_pos_ELF1_aim_0.6619496487777778_11_chr2_131491227_131491395
random_sample_3,ELF1,ELF1_aim5,DeepACE-cold,0.840655,0.661941756_pos_ELF1_aim_0.6619496487777778_11_chr2_131491227_131491395
random_sample_3,ELF1,ELF1_aim5,Evo2,0.561857,0.661941756_pos_ELF1_aim_0.6619496487777778_11_chr2_131491227_131491395
random_sample_3,ELF1,ELF1_aim5,promoterAI,0.685675,0.661941756_pos_ELF1_aim_0.6619496487777778_11_chr2_131491227_131491395
random_sample_3,ELF1,ELF1_aim5,phyloP 100,0.51025,0.661941756_pos_ELF1_aim_0.6619496487777778_11_chr2_131491227_131491395
random_sample_3,ELF1,ELF1_aim5,phyloP 470,0.34069,0.661941756_pos_ELF1_aim_0.6619496487777778_11_chr2_131491227_131491395
random_sample_3,ELF1,ELF1_aim5,phastCons 100,0.565,0.661941756_pos_ELF1_aim_0.6619496487777778_11_chr2_131491227_131491395
random_sample_3,ELF1,ELF1_aim5,phastCons 470,0.374083,0.661941756_pos_ELF1_aim_0.6619496487777778_11_chr2_131491227_131491395
random_sample_3,ELF1,ELF1_aim5,GPN-MSA,0.579,0.661941756_pos_ELF1_aim_0.6619496487777778_11_chr2_131491227_131491395
random_sample_3,ELF1,ELF1_aim6,DeepACE-randaug,0.791036,0.693883306_pos_ELF1_aim_0.6619496487777778_11_chr17_40113255_40113423
random_sample_3,ELF1,ELF1_aim6,DeepACE-random,0.791036,0.693883306_pos_ELF1_aim_0.6619496487777778_11_chr17_40113255_40113423
random_sample_3,ELF1,ELF1_aim6,DeepACE-cold,0.791036,0.693883306_pos_ELF1_aim_0.6619496487777778_11_chr17_40113255_40113423
random_sample_3,ELF1,ELF1_aim6,Evo2,0.65169,0.693883306_pos_ELF1_aim_0.6619496487777778_11_chr17_40113255_40113423
random_sample_3,ELF1,ELF1_aim6,promoterAI,0.810417,0.693883306_pos_ELF1_aim_0.6619496487777778_11_chr17_40113255_40113423
random_sample_3,ELF1,ELF1_aim6,phyloP 100,0.46825,0.693883306_pos_ELF1_aim_0.6619496487777778_11_chr17_40113255_40113423
random_sample_3,ELF1,ELF1_aim6,phyloP 470,0.285833,0.693883306_pos_ELF1_aim_0.6619496487777778_11_chr17_40113255_40113423
random_sample_3,ELF1,ELF1_aim6,phastCons 100,0.475583,0.693883306_pos_ELF1_aim_0.6619496487777778_11_chr17_40113255_40113423
random_sample_3,ELF1,ELF1_aim6,phastCons 470,0.447778,0.693883306_pos_ELF1_aim_0.6619496487777778_11_chr17_40113255_40113423
random_sample_3,ELF1,ELF1_aim6,GPN-MSA,0.354583,0.693883306_pos_ELF1_aim_0.6619496487777778_11_chr17_40113255_40113423
random_sample_3,ELF1,ELF1_aim7,DeepACE-randaug,0.844583,0.840325476_pos_ELF1_aim_0.8353555799444445_01_chr6_30156361_30156529
random_sample_3,ELF1,ELF1_aim7,DeepACE-random,0.844583,0.840325476_pos_ELF1_aim_0.8353555799444445_01_chr6_30156361_30156529
random_sample_3,ELF1,ELF1_aim7,DeepACE-cold,0.83425,0.840325476_pos_ELF1_aim_0.8353555799444445_01_chr6_30156361_30156529
random_sample_3,ELF1,ELF1_aim7,Evo2,0.561857,0.840325476_pos_ELF1_aim_0.8353555799444445_01_chr6_30156361_30156529
random_sample_3,ELF1,ELF1_aim7,promoterAI,0.848,0.840325476_pos_ELF1_aim_0.8353555799444445_01_chr6_30156361_30156529
random_sample_3,ELF1,ELF1_aim7,phyloP 100,0.304417,0.840325476_pos_ELF1_aim_0.8353555799444445_01_chr6_30156361_30156529
random_sample_3,ELF1,ELF1_aim7,phyloP 470,0.403417,0.840325476_pos_ELF1_aim_0.8353555799444445_01_chr6_30156361_30156529
random_sample_3,ELF1,ELF1_aim7,phastCons 100,0.4795,0.840325476_pos_ELF1_aim_0.8353555799444445_01_chr6_30156361_30156529
random_sample_3,ELF1,ELF1_aim7,phastCons 470,0.4795,0.840325476_pos_ELF1_aim_0.8353555799444445_01_chr6_30156361_30156529
random_sample_3,ELF1,ELF1_aim7,GPN-MSA,0.429083,0.840325476_pos_ELF1_aim_0.8353555799444445_01_chr6_30156361_30156529
random_sample_3,ELF1,ELF1_aim8,DeepACE-randaug,0.734988,0.8304999429999999_pos_ELF1_aim_0.8353555799444445_01_chr7_100567732_100567900
random_sample_3,ELF1,ELF1_aim8,DeepACE-random,0.771655,0.8304999429999999_pos_ELF1_aim_0.8353555799444445_01_chr7_100567732_100567900
random_sample_3,ELF1,ELF1_aim8,DeepACE-cold,0.734988,0.8304999429999999_pos_ELF1_aim_0.8353555799444445_01_chr7_100567732_100567900
random_sample_3,ELF1,ELF1_aim8,Evo2,0.715071,0.8304999429999999_pos_ELF1_aim_0.8353555799444445_01_chr7_100567732_100567900
random_sample_3,ELF1,ELF1_aim8,promoterAI,0.736952,0.8304999429999999_pos_ELF1_aim_0.8353555799444445_01_chr7_100567732_100567900
random_sample_3,ELF1,ELF1_aim8,phyloP 100,0.723889,0.8304999429999999_pos_ELF1_aim_0.8353555799444445_01_chr7_100567732_100567900
random_sample_3,ELF1,ELF1_aim8,phyloP 470,0.533452,0.8304999429999999_pos_ELF1_aim_0.8353555799444445_01_chr7_100567732_100567900
random_sample_3,ELF1,ELF1_aim8,phastCons 100,0.6725,0.8304999429999999_pos_ELF1_aim_0.8353555799444445_01_chr7_100567732_100567900
random_sample_3,ELF1,ELF1_aim8,phastCons 470,0.759333,0.8304999429999999_pos_ELF1_aim_0.8353555799444445_01_chr7_100567732_100567900
random_sample_3,ELF1,ELF1_aim8,GPN-MSA,0.508889,0.8304999429999999_pos_ELF1_aim_0.8353555799444445_01_chr7_100567732_100567900
random_sample_3,ELF1,ELF1_aim9,DeepACE-randaug,0.750702,0.838780914_pos_ELF1_aim_0.8353555799444445_11_chr12_51922817_51922985
random_sample_3,ELF1,ELF1_aim9,DeepACE-random,0.750702,0.838780914_pos_ELF1_aim_0.8353555799444445_11_chr12_51922817_51922985
random_sample_3,ELF1,ELF1_aim9,DeepACE-cold,0.750702,0.838780914_pos_ELF1_aim_0.8353555799444445_11_chr12_51922817_51922985
random_sample_3,ELF1,ELF1_aim9,Evo2,0.421238,0.838780914_pos_ELF1_aim_0.8353555799444445_11_chr12_51922817_51922985
random_sample_3,ELF1,ELF1_aim9,promoterAI,0.723202,0.838780914_pos_ELF1_aim_0.8353555799444445_11_chr12_51922817_51922985
random_sample_3,ELF1,ELF1_aim9,phyloP 100,0.528071,0.838780914_pos_ELF1_aim_0.8353555799444445_11_chr12_51922817_51922985
random_sample_3,ELF1,ELF1_aim9,phyloP 470,0.464683,0.838780914_pos_ELF1_aim_0.8353555799444445_11_chr12_51922817_51922985
random_sample_3,ELF1,ELF1_aim9,phastCons 100,0.565,0.838780914_pos_ELF1_aim_0.8353555799444445_11_chr12_51922817_51922985
random_sample_3,ELF1,ELF1_aim9,phastCons 470,0.615833,0.838780914_pos_ELF1_aim_0.8353555799444445_11_chr12_51922817_51922985
random_sample_3,ELF1,ELF1_aim9,GPN-MSA,0.51225,0.838780914_pos_ELF1_aim_0.8353555799444445_11_chr12_51922817_51922985
random_sample_3,HNF1A,HNF1A_geo1,DeepACE-randaug,0.798,0.754666704_pos_HNF1A_top_10_chr3_28241947_28242115
random_sample_3,HNF1A,HNF1A_geo1,DeepACE-random,0.763036,0.754666704_pos_HNF1A_top_10_chr3_28241947_28242115
random_sample_3,HNF1A,HNF1A_geo1,DeepACE-cold,0.901036,0.754666704_pos_HNF1A_top_10_chr3_28241947_28242115
random_sample_3,HNF1A,HNF1A_geo1,Evo2,0.34319,0.754666704_pos_HNF1A_top_10_chr3_28241947_28242115
random_sample_3,HNF1A,HNF1A_geo1,promoterAI,0.711036,0.754666704_pos_HNF1A_top_10_chr3_28241947_28242115
random_sample_3,HNF1A,HNF1A_geo1,phyloP 100,0.35275,0.754666704_pos_HNF1A_top_10_chr3_28241947_28242115
random_sample_3,HNF1A,HNF1A_geo1,phyloP 470,0.320524,0.754666704_pos_HNF1A_top_10_chr3_28241947_28242115
random_sample_3,HNF1A,HNF1A_geo1,phastCons 100,0.642833,0.754666704_pos_HNF1A_top_10_chr3_28241947_28242115
random_sample_3,HNF1A,HNF1A_geo1,phastCons 470,0.49,0.754666704_pos_HNF1A_top_10_chr3_28241947_28242115
random_sample_3,HNF1A,HNF1A_geo1,GPN-MSA,0.659571,0.754666704_pos_HNF1A_top_10_chr3_28241947_28242115
random_sample_3,HNF1A,HNF1A_geo2,DeepACE-randaug,0.692583,0.7544006320000001_pos_HNF1A_top_10_chr17_43361025_43361193
random_sample_3,HNF1A,HNF1A_geo2,DeepACE-random,0.81175,0.7544006320000001_pos_HNF1A_top_10_chr17_43361025_43361193
random_sample_3,HNF1A,HNF1A_geo2,DeepACE-cold,0.86175,0.7544006320000001_pos_HNF1A_top_10_chr17_43361025_43361193
random_sample_3,HNF1A,HNF1A_geo2,Evo2,0.399238,0.7544006320000001_pos_HNF1A_top_10_chr17_43361025_43361193
random_sample_3,HNF1A,HNF1A_geo2,promoterAI,0.489988,0.7544006320000001_pos_HNF1A_top_10_chr17_43361025_43361193
random_sample_3,HNF1A,HNF1A_geo2,phyloP 100,0.362746,0.7544006320000001_pos_HNF1A_top_10_chr17_43361025_43361193
random_sample_3,HNF1A,HNF1A_geo2,phyloP 470,0.300413,0.7544006320000001_pos_HNF1A_top_10_chr17_43361025_43361193
random_sample_3,HNF1A,HNF1A_geo2,phastCons 100,0.737389,0.7544006320000001_pos_HNF1A_top_10_chr17_43361025_43361193
random_sample_3,HNF1A,HNF1A_geo2,phastCons 470,0.49,0.7544006320000001_pos_HNF1A_top_10_chr17_43361025_43361193
random_sample_3,HNF1A,HNF1A_geo2,GPN-MSA,0.320524,0.7544006320000001_pos_HNF1A_top_10_chr17_43361025_43361193
random_sample_3,HNF1A,HNF1A_geo3,DeepACE-randaug,0.754786,0.748247535_pos_HNF1A_top_10_chr16_28553902_28554070
random_sample_3,HNF1A,HNF1A_geo3,DeepACE-random,0.846036,0.748247535_pos_HNF1A_top_10_chr16_28553902_28554070
random_sample_3,HNF1A,HNF1A_geo3,DeepACE-cold,0.846036,0.748247535_pos_HNF1A_top_10_chr16_28553902_28554070
random_sample_3,HNF1A,HNF1A_geo3,Evo2,0.380905,0.748247535_pos_HNF1A_top_10_chr16_28553902_28554070
random_sample_3,HNF1A,HNF1A_geo3,promoterAI,0.891333,0.748247535_pos_HNF1A_top_10_chr16_28553902_28554070
random_sample_3,HNF1A,HNF1A_geo3,phyloP 100,0.768,0.748247535_pos_HNF1A_top_10_chr16_28553902_28554070
random_sample_3,HNF1A,HNF1A_geo3,phyloP 470,0.763952,0.748247535_pos_HNF1A_top_10_chr16_28553902_28554070
random_sample_3,HNF1A,HNF1A_geo3,phastCons 100,0.704968,0.748247535_pos_HNF1A_top_10_chr16_28553902_28554070
random_sample_3,HNF1A,HNF1A_geo3,phastCons 470,0.752286,0.748247535_pos_HNF1A_top_10_chr16_28553902_28554070
random_sample_3,HNF1A,HNF1A_geo3,GPN-MSA,0.738536,0.748247535_pos_HNF1A_top_10_chr16_28553902_28554070
random_sample_3,HNF1A,HNF1A_geo4,DeepACE-randaug,0.777286,0.741776531_pos_HNF1A_top_11_chr3_50194763_50194931
random_sample_3,HNF1A,HNF1A_geo4,DeepACE-random,0.672286,0.741776531_pos_HNF1A_top_11_chr3_50194763_50194931
random_sample_3,HNF1A,HNF1A_geo4,DeepACE-cold,0.747821,0.741776531_pos_HNF1A_top_11_chr3_50194763_50194931
random_sample_3,HNF1A,HNF1A_geo4,Evo2,0.431321,0.741776531_pos_HNF1A_top_11_chr3_50194763_50194931
random_sample_3,HNF1A,HNF1A_geo4,promoterAI,0.64796,0.741776531_pos_HNF1A_top_11_chr3_50194763_50194931
random_sample_3,HNF1A,HNF1A_geo4,phyloP 100,0.769167,0.741776531_pos_HNF1A_top_11_chr3_50194763_50194931
random_sample_3,HNF1A,HNF1A_geo4,phyloP 470,0.769167,0.741776531_pos_HNF1A_top_11_chr3_50194763_50194931
random_sample_3,HNF1A,HNF1A_geo4,phastCons 100,0.716611,0.741776531_pos_HNF1A_top_11_chr3_50194763_50194931
random_sample_3,HNF1A,HNF1A_geo4,phastCons 470,0.704333,0.741776531_pos_HNF1A_top_11_chr3_50194763_50194931
random_sample_3,HNF1A,HNF1A_geo4,GPN-MSA,0.746905,0.741776531_pos_HNF1A_top_11_chr3_50194763_50194931
random_sample_3,HNF1A,HNF1A_geo5,DeepACE-randaug,0.938869,0.737346788_pos_HNF1A_top_10_chr14_70359648_70359816
random_sample_3,HNF1A,HNF1A_geo5,DeepACE-random,0.794583,0.737346788_pos_HNF1A_top_10_chr14_70359648_70359816
random_sample_3,HNF1A,HNF1A_geo5,DeepACE-cold,0.938869,0.737346788_pos_HNF1A_top_10_chr14_70359648_70359816
random_sample_3,HNF1A,HNF1A_geo5,Evo2,0.589357,0.737346788_pos_HNF1A_top_10_chr14_70359648_70359816
random_sample_3,HNF1A,HNF1A_geo5,promoterAI,0.693357,0.737346788_pos_HNF1A_top_10_chr14_70359648_70359816
random_sample_3,HNF1A,HNF1A_geo5,phyloP 100,0.721119,0.737346788_pos_HNF1A_top_10_chr14_70359648_70359816
random_sample_3,HNF1A,HNF1A_geo5,phyloP 470,0.488036,0.737346788_pos_HNF1A_top_10_chr14_70359648_70359816
random_sample_3,HNF1A,HNF1A_geo5,phastCons 100,0.7355,0.737346788_pos_HNF1A_top_10_chr14_70359648_70359816
random_sample_3,HNF1A,HNF1A_geo5,phastCons 470,0.7355,0.737346788_pos_HNF1A_top_10_chr14_70359648_70359816
random_sample_3,HNF1A,HNF1A_geo5,GPN-MSA,0.859667,0.737346788_pos_HNF1A_top_10_chr14_70359648_70359816
random_sample_3,HNF1A,HNF1A_geo6,DeepACE-randaug,0.77875,0.735344632_pos_HNF1A_top_01_chr9_33029582_33029750
random_sample_3,HNF1A,HNF1A_geo6,DeepACE-random,0.7705,0.735344632_pos_HNF1A_top_01_chr9_33029582_33029750
random_sample_3,HNF1A,HNF1A_geo6,DeepACE-cold,0.733833,0.735344632_pos_HNF1A_top_01_chr9_33029582_33029750
random_sample_3,HNF1A,HNF1A_geo6,Evo2,0.688119,0.735344632_pos_HNF1A_top_01_chr9_33029582_33029750
random_sample_3,HNF1A,HNF1A_geo6,promoterAI,0.91125,0.735344632_pos_HNF1A_top_01_chr9_33029582_33029750
random_sample_3,HNF1A,HNF1A_geo6,phyloP 100,0.604571,0.735344632_pos_HNF1A_top_01_chr9_33029582_33029750
random_sample_3,HNF1A,HNF1A_geo6,phyloP 470,0.449,0.735344632_pos_HNF1A_top_01_chr9_33029582_33029750
random_sample_3,HNF1A,HNF1A_geo6,phastCons 100,0.657857,0.735344632_pos_HNF1A_top_01_chr9_33029582_33029750
random_sample_3,HNF1A,HNF1A_geo6,phastCons 470,0.65975,0.735344632_pos_HNF1A_top_01_chr9_33029582_33029750
random_sample_3,HNF1A,HNF1A_geo6,GPN-MSA,0.804905,0.735344632_pos_HNF1A_top_01_chr9_33029582_33029750
random_sample_3,HNF1A,HNF1A_geo7,DeepACE-randaug,0.782286,0.7352524960000001_pos_HNF1A_top_10_chr6_116254112_116254280
random_sample_3,HNF1A,HNF1A_geo7,DeepACE-random,0.80625,0.7352524960000001_pos_HNF1A_top_10_chr6_116254112_116254280
random_sample_3,HNF1A,HNF1A_geo7,DeepACE-cold,0.77625,0.7352524960000001_pos_HNF1A_top_10_chr6_116254112_116254280
random_sample_3,HNF1A,HNF1A_geo7,Evo2,0.412988,0.7352524960000001_pos_HNF1A_top_10_chr6_116254112_116254280
random_sample_3,HNF1A,HNF1A_geo7,promoterAI,0.703571,0.7352524960000001_pos_HNF1A_top_10_chr6_116254112_116254280
random_sample_3,HNF1A,HNF1A_geo7,phyloP 100,0.371083,0.7352524960000001_pos_HNF1A_top_10_chr6_116254112_116254280
random_sample_3,HNF1A,HNF1A_geo7,phyloP 470,0.368246,0.7352524960000001_pos_HNF1A_top_10_chr6_116254112_116254280
random_sample_3,HNF1A,HNF1A_geo7,phastCons 100,0.4245,0.7352524960000001_pos_HNF1A_top_10_chr6_116254112_116254280
random_sample_3,HNF1A,HNF1A_geo7,phastCons 470,0.4245,0.7352524960000001_pos_HNF1A_top_10_chr6_116254112_116254280
random_sample_3,HNF1A,HNF1A_geo7,GPN-MSA,0.762488,0.7352524960000001_pos_HNF1A_top_10_chr6_116254112_116254280
random_sample_3,HNF1A,HNF1A_geo8,DeepACE-randaug,0.550619,0.7331385859999999_pos_HNF1A_top_11_chr14_60657594_60657762
random_sample_3,HNF1A,HNF1A_geo8,DeepACE-random,0.798119,0.7331385859999999_pos_HNF1A_top_11_chr14_60657594_60657762
random_sample_3,HNF1A,HNF1A_geo8,DeepACE-cold,0.678952,0.7331385859999999_pos_HNF1A_top_11_chr14_60657594_60657762
random_sample_3,HNF1A,HNF1A_geo8,Evo2,0.297357,0.7331385859999999_pos_HNF1A_top_11_chr14_60657594_60657762
random_sample_3,HNF1A,HNF1A_geo8,promoterAI,0.361262,0.7331385859999999_pos_HNF1A_top_11_chr14_60657594_60657762
random_sample_3,HNF1A,HNF1A_geo8,phyloP 100,0.670702,0.7331385859999999_pos_HNF1A_top_11_chr14_60657594_60657762
random_sample_3,HNF1A,HNF1A_geo8,phyloP 470,0.692702,0.7331385859999999_pos_HNF1A_top_11_chr14_60657594_60657762
random_sample_3,HNF1A,HNF1A_geo8,phastCons 100,0.778833,0.7331385859999999_pos_HNF1A_top_11_chr14_60657594_60657762
random_sample_3,HNF1A,HNF1A_geo8,phastCons 470,0.626167,0.7331385859999999_pos_HNF1A_top_11_chr14_60657594_60657762
random_sample_3,HNF1A,HNF1A_geo8,GPN-MSA,0.733036,0.7331385859999999_pos_HNF1A_top_11_chr14_60657594_60657762
random_sample_3,HNF1A,HNF1A_aim1,DeepACE-randaug,0.729369,0.467734907_pos_HNF1A_aim_0.46087999122222223_01_chr20_45927400_45927568
random_sample_3,HNF1A,HNF1A_aim1,DeepACE-random,0.674369,0.467734907_pos_HNF1A_aim_0.46087999122222223_01_chr20_45927400_45927568
random_sample_3,HNF1A,HNF1A_aim1,DeepACE-cold,0.729369,0.467734907_pos_HNF1A_aim_0.46087999122222223_01_chr20_45927400_45927568
random_sample_3,HNF1A,HNF1A_aim1,Evo2,0.483321,0.467734907_pos_HNF1A_aim_0.46087999122222223_01_chr20_45927400_45927568
random_sample_3,HNF1A,HNF1A_aim1,promoterAI,0.622381,0.467734907_pos_HNF1A_aim_0.46087999122222223_01_chr20_45927400_45927568
random_sample_3,HNF1A,HNF1A_aim1,phyloP 100,0.499155,0.467734907_pos_HNF1A_aim_0.46087999122222223_01_chr20_45927400_45927568
random_sample_3,HNF1A,HNF1A_aim1,phyloP 470,0.551155,0.467734907_pos_HNF1A_aim_0.46087999122222223_01_chr20_45927400_45927568
random_sample_3,HNF1A,HNF1A_aim1,phastCons 100,0.698321,0.467734907_pos_HNF1A_aim_0.46087999122222223_01_chr20_45927400_45927568
random_sample_3,HNF1A,HNF1A_aim1,phastCons 470,0.581,0.467734907_pos_HNF1A_aim_0.46087999122222223_01_chr20_45927400_45927568
random_sample_3,HNF1A,HNF1A_aim1,GPN-MSA,0.631155,0.467734907_pos_HNF1A_aim_0.46087999122222223_01_chr20_45927400_45927568
random_sample_3,HNF1A,HNF1A_aim2,DeepACE-randaug,0.847202,0.458192214_pos_HNF1A_aim_0.46087999122222223_01_chr12_94230726_94230894
random_sample_3,HNF1A,HNF1A_aim2,DeepACE-random,0.749667,0.458192214_pos_HNF1A_aim_0.46087999122222223_01_chr12_94230726_94230894
random_sample_3,HNF1A,HNF1A_aim2,DeepACE-cold,0.742202,0.458192214_pos_HNF1A_aim_0.46087999122222223_01_chr12_94230726_94230894
random_sample_3,HNF1A,HNF1A_aim2,Evo2,0.36519,0.458192214_pos_HNF1A_aim_0.46087999122222223_01_chr12_94230726_94230894
random_sample_3,HNF1A,HNF1A_aim2,promoterAI,0.882167,0.458192214_pos_HNF1A_aim_0.46087999122222223_01_chr12_94230726_94230894
random_sample_3,HNF1A,HNF1A_aim2,phyloP 100,0.760655,0.458192214_pos_HNF1A_aim_0.46087999122222223_01_chr12_94230726_94230894
random_sample_3,HNF1A,HNF1A_aim2,phyloP 470,0.465238,0.458192214_pos_HNF1A_aim_0.46087999122222223_01_chr12_94230726_94230894
random_sample_3,HNF1A,HNF1A_aim2,phastCons 100,0.676833,0.458192214_pos_HNF1A_aim_0.46087999122222223_01_chr12_94230726_94230894
random_sample_3,HNF1A,HNF1A_aim2,phastCons 470,0.6115,0.458192214_pos_HNF1A_aim_0.46087999122222223_01_chr12_94230726_94230894
random_sample_3,HNF1A,HNF1A_aim2,GPN-MSA,0.706571,0.458192214_pos_HNF1A_aim_0.46087999122222223_01_chr12_94230726_94230894
random_sample_3,HNF1A,HNF1A_aim3,DeepACE-randaug,0.782286,0.4607891860000001_pos_HNF1A_aim_0.46087999122222223_11_chr17_64386788_64386956
random_sample_3,HNF1A,HNF1A_aim3,DeepACE-random,0.763036,0.4607891860000001_pos_HNF1A_aim_0.46087999122222223_11_chr17_64386788_64386956
random_sample_3,HNF1A,HNF1A_aim3,DeepACE-cold,0.741036,0.4607891860000001_pos_HNF1A_aim_0.46087999122222223_11_chr17_64386788_64386956
random_sample_3,HNF1A,HNF1A_aim3,Evo2,0.619369,0.4607891860000001_pos_HNF1A_aim_0.46087999122222223_11_chr17_64386788_64386956
random_sample_3,HNF1A,HNF1A_aim3,promoterAI,0.56725,0.4607891860000001_pos_HNF1A_aim_0.46087999122222223_11_chr17_64386788_64386956
random_sample_3,HNF1A,HNF1A_aim3,phyloP 100,0.561357,0.4607891860000001_pos_HNF1A_aim_0.46087999122222223_11_chr17_64386788_64386956
random_sample_3,HNF1A,HNF1A_aim3,phyloP 470,0.470607,0.4607891860000001_pos_HNF1A_aim_0.46087999122222223_11_chr17_64386788_64386956
random_sample_3,HNF1A,HNF1A_aim3,phastCons 100,0.563833,0.4607891860000001_pos_HNF1A_aim_0.46087999122222223_11_chr17_64386788_64386956
random_sample_3,HNF1A,HNF1A_aim3,phastCons 470,0.494167,0.4607891860000001_pos_HNF1A_aim_0.46087999122222223_11_chr17_64386788_64386956
random_sample_3,HNF1A,HNF1A_aim3,GPN-MSA,0.681571,0.4607891860000001_pos_HNF1A_aim_0.46087999122222223_11_chr17_64386788_64386956
random_sample_3,HNF1A,HNF1A_aim4,DeepACE-randaug,0.77675,0.469033724_pos_HNF1A_aim_0.46087999122222223_01_chr11_12429306_12429474
random_sample_3,HNF1A,HNF1A_aim4,DeepACE-random,0.67175,0.469033724_pos_HNF1A_aim_0.46087999122222223_01_chr11_12429306_12429474
random_sample_3,HNF1A,HNF1A_aim4,DeepACE-cold,0.67175,0.469033724_pos_HNF1A_aim_0.46087999122222223_01_chr11_12429306_12429474
random_sample_3,HNF1A,HNF1A_aim4,Evo2,0.519452,0.469033724_pos_HNF1A_aim_0.46087999122222223_01_chr11_12429306_12429474
random_sample_3,HNF1A,HNF1A_aim4,promoterAI,0.74925,0.469033724_pos_HNF1A_aim_0.46087999122222223_01_chr11_12429306_12429474
random_sample_3,HNF1A,HNF1A_aim4,phyloP 100,0.633238,0.469033724_pos_HNF1A_aim_0.46087999122222223_01_chr11_12429306_12429474
random_sample_3,HNF1A,HNF1A_aim4,phyloP 470,0.386579,0.469033724_pos_HNF1A_aim_0.46087999122222223_01_chr11_12429306_12429474
random_sample_3,HNF1A,HNF1A_aim4,phastCons 100,0.660738,0.469033724_pos_HNF1A_aim_0.46087999122222223_01_chr11_12429306_12429474
random_sample_3,HNF1A,HNF1A_aim4,phastCons 470,0.5455,0.469033724_pos_HNF1A_aim_0.46087999122222223_01_chr11_12429306_12429474
random_sample_3,HNF1A,HNF1A_aim4,GPN-MSA,0.674488,0.469033724_pos_HNF1A_aim_0.46087999122222223_01_chr11_12429306_12429474
random_sample_3,HNF1A,HNF1A_aim5,DeepACE-randaug,0.647786,0.5483327269999999_pos_HNF1A_aim_0.5491410775555555_11_chr1_21937776_21937944
random_sample_3,HNF1A,HNF1A_aim5,DeepACE-random,0.583619,0.5483327269999999_pos_HNF1A_aim_0.5491410775555555_11_chr1_21937776_21937944
random_sample_3,HNF1A,HNF1A_aim5,DeepACE-cold,0.688619,0.5483327269999999_pos_HNF1A_aim_0.5491410775555555_11_chr1_21937776_21937944
random_sample_3,HNF1A,HNF1A_aim5,Evo2,0.55219,0.5483327269999999_pos_HNF1A_aim_0.5491410775555555_11_chr1_21937776_21937944
random_sample_3,HNF1A,HNF1A_aim5,promoterAI,0.465238,0.5483327269999999_pos_HNF1A_aim_0.5491410775555555_11_chr1_21937776_21937944
random_sample_3,HNF1A,HNF1A_aim5,phyloP 100,0.557155,0.5483327269999999_pos_HNF1A_aim_0.5491410775555555_11_chr1_21937776_21937944
random_sample_3,HNF1A,HNF1A_aim5,phyloP 470,0.473738,0.5483327269999999_pos_HNF1A_aim_0.5491410775555555_11_chr1_21937776_21937944
random_sample_3,HNF1A,HNF1A_aim5,phastCons 100,0.516333,0.5483327269999999_pos_HNF1A_aim_0.5491410775555555_11_chr1_21937776_21937944
random_sample_3,HNF1A,HNF1A_aim5,phastCons 470,0.568667,0.5483327269999999_pos_HNF1A_aim_0.5491410775555555_11_chr1_21937776_21937944
random_sample_3,HNF1A,HNF1A_aim5,GPN-MSA,0.600369,0.5483327269999999_pos_HNF1A_aim_0.5491410775555555_11_chr1_21937776_21937944
random_sample_3,HNF1A,HNF1A_aim6,DeepACE-randaug,0.540286,0.544727686_pos_HNF1A_aim_0.5491410775555555_11_chr5_134648284_134648452
random_sample_3,HNF1A,HNF1A_aim6,DeepACE-random,0.566869,0.544727686_pos_HNF1A_aim_0.5491410775555555_11_chr5_134648284_134648452
random_sample_3,HNF1A,HNF1A_aim6,DeepACE-cold,0.645833,0.544727686_pos_HNF1A_aim_0.5491410775555555_11_chr5_134648284_134648452
random_sample_3,HNF1A,HNF1A_aim6,Evo2,0.434988,0.544727686_pos_HNF1A_aim_0.5491410775555555_11_chr5_134648284_134648452
random_sample_3,HNF1A,HNF1A_aim6,promoterAI,0.742563,0.544727686_pos_HNF1A_aim_0.5491410775555555_11_chr5_134648284_134648452
random_sample_3,HNF1A,HNF1A_aim6,phyloP 100,0.398583,0.544727686_pos_HNF1A_aim_0.5491410775555555_11_chr5_134648284_134648452
random_sample_3,HNF1A,HNF1A_aim6,phyloP 470,0.374183,0.544727686_pos_HNF1A_aim_0.5491410775555555_11_chr5_134648284_134648452
random_sample_3,HNF1A,HNF1A_aim6,phastCons 100,0.62,0.544727686_pos_HNF1A_aim_0.5491410775555555_11_chr5_134648284_134648452
random_sample_3,HNF1A,HNF1A_aim6,phastCons 470,0.49,0.544727686_pos_HNF1A_aim_0.5491410775555555_11_chr5_134648284_134648452
random_sample_3,HNF1A,HNF1A_aim6,GPN-MSA,0.752405,0.544727686_pos_HNF1A_aim_0.5491410775555555_11_chr5_134648284_134648452
random_sample_3,HNF1A,HNF1A_aim7,DeepACE-randaug,0.711036,0.5423570449999999_pos_HNF1A_aim_0.5491410775555555_10_chr19_11888290_11888458
random_sample_3,HNF1A,HNF1A_aim7,DeepACE-random,0.733036,0.5423570449999999_pos_HNF1A_aim_0.5491410775555555_10_chr19_11888290_11888458
random_sample_3,HNF1A,HNF1A_aim7,DeepACE-cold,0.751369,0.5423570449999999_pos_HNF1A_aim_0.5491410775555555_10_chr19_11888290_11888458
random_sample_3,HNF1A,HNF1A_aim7,Evo2,0.495488,0.5423570449999999_pos_HNF1A_aim_0.5491410775555555_10_chr19_11888290_11888458
random_sample_3,HNF1A,HNF1A_aim7,promoterAI,0.871036,0.5423570449999999_pos_HNF1A_aim_0.5491410775555555_10_chr19_11888290_11888458
random_sample_3,HNF1A,HNF1A_aim7,phyloP 100,0.674369,0.5423570449999999_pos_HNF1A_aim_0.5491410775555555_10_chr19_11888290_11888458
random_sample_3,HNF1A,HNF1A_aim7,phyloP 470,0.371083,0.5423570449999999_pos_HNF1A_aim_0.5491410775555555_10_chr19_11888290_11888458
random_sample_3,HNF1A,HNF1A_aim7,phastCons 100,0.715738,0.5423570449999999_pos_HNF1A_aim_0.5491410775555555_10_chr19_11888290_11888458
random_sample_3,HNF1A,HNF1A_aim7,phastCons 470,0.49,0.5423570449999999_pos_HNF1A_aim_0.5491410775555555_10_chr19_11888290_11888458
random_sample_3,HNF1A,HNF1A_aim7,GPN-MSA,0.704488,0.5423570449999999_pos_HNF1A_aim_0.5491410775555555_10_chr19_11888290_11888458
random_sample_3,HNF1A,HNF1A_aim8,DeepACE-randaug,0.680917,0.639747075_pos_HNF1A_aim_0.6374021638888889_11_chr2_113126954_113127122
random_sample_3,HNF1A,HNF1A_aim8,DeepACE-random,0.680917,0.639747075_pos_HNF1A_aim_0.6374021638888889_11_chr2_113126954_113127122
random_sample_3,HNF1A,HNF1A_aim8,DeepACE-cold,0.680917,0.639747075_pos_HNF1A_aim_0.6374021638888889_11_chr2_113126954_113127122
random_sample_3,HNF1A,HNF1A_aim8,Evo2,0.401857,0.639747075_pos_HNF1A_aim_0.6374021638888889_11_chr2_113126954_113127122
random_sample_3,HNF1A,HNF1A_aim8,promoterAI,0.692702,0.639747075_pos_HNF1A_aim_0.6374021638888889_11_chr2_113126954_113127122
random_sample_3,HNF1A,HNF1A_aim8,phyloP 100,0.390246,0.639747075_pos_HNF1A_aim_0.6374021638888889_11_chr2_113126954_113127122
random_sample_3,HNF1A,HNF1A_aim8,phyloP 470,0.420583,0.639747075_pos_HNF1A_aim_0.6374021638888889_11_chr2_113126954_113127122
random_sample_3,HNF1A,HNF1A_aim8,phastCons 100,0.62675,0.639747075_pos_HNF1A_aim_0.6374021638888889_11_chr2_113126954_113127122
random_sample_3,HNF1A,HNF1A_aim8,phastCons 470,0.49,0.639747075_pos_HNF1A_aim_0.6374021638888889_11_chr2_113126954_113127122
random_sample_3,HNF1A,HNF1A_aim8,GPN-MSA,0.656036,0.639747075_pos_HNF1A_aim_0.6374021638888889_11_chr2_113126954_113127122
random_sample_3,HNF1A,HNF1A_aim9,DeepACE-randaug,0.82,0.6356847309999999_pos_HNF1A_aim_0.6374021638888889_11_chr2_85742500_85742668
random_sample_3,HNF1A,HNF1A_aim9,DeepACE-random,0.808333,0.6356847309999999_pos_HNF1A_aim_0.6374021638888889_11_chr2_85742500_85742668
random_sample_3,HNF1A,HNF1A_aim9,DeepACE-cold,0.780833,0.6356847309999999_pos_HNF1A_aim_0.6374021638888889_11_chr2_85742500_85742668
random_sample_3,HNF1A,HNF1A_aim9,Evo2,0.681833,0.6356847309999999_pos_HNF1A_aim_0.6374021638888889_11_chr2_85742500_85742668
random_sample_3,HNF1A,HNF1A_aim9,promoterAI,0.603,0.6356847309999999_pos_HNF1A_aim_0.6374021638888889_11_chr2_85742500_85742668
random_sample_3,HNF1A,HNF1A_aim9,phyloP 100,0.73369,0.6356847309999999_pos_HNF1A_aim_0.6374021638888889_11_chr2_85742500_85742668
random_sample_3,HNF1A,HNF1A_aim9,phyloP 470,0.736821,0.6356847309999999_pos_HNF1A_aim_0.6374021638888889_11_chr2_85742500_85742668
random_sample_3,HNF1A,HNF1A_aim9,phastCons 100,0.6885,0.6356847309999999_pos_HNF1A_aim_0.6374021638888889_11_chr2_85742500_85742668
random_sample_3,HNF1A,HNF1A_aim9,phastCons 470,0.6885,0.6356847309999999_pos_HNF1A_aim_0.6374021638888889_11_chr2_85742500_85742668
random_sample_3,HNF1A,HNF1A_aim9,GPN-MSA,0.746786,0.6356847309999999_pos_HNF1A_aim_0.6374021638888889_11_chr2_85742500_85742668
random_sample_3,HNF1A,HNF1A_aim10,DeepACE-randaug,0.751369,0.629225445_pos_HNF1A_aim_0.6374021638888889_10_chr20_2102360_2102528
random_sample_3,HNF1A,HNF1A_aim10,DeepACE-random,0.751369,0.629225445_pos_HNF1A_aim_0.6374021638888889_10_chr20_2102360_2102528
random_sample_3,HNF1A,HNF1A_aim10,DeepACE-cold,0.665202,0.629225445_pos_HNF1A_aim_0.6374021638888889_10_chr20_2102360_2102528
random_sample_3,HNF1A,HNF1A_aim10,Evo2,0.31569,0.629225445_pos_HNF1A_aim_0.6374021638888889_10_chr20_2102360_2102528
random_sample_3,HNF1A,HNF1A_aim10,promoterAI,0.429357,0.629225445_pos_HNF1A_aim_0.6374021638888889_10_chr20_2102360_2102528
random_sample_3,HNF1A,HNF1A_aim10,phyloP 100,0.589238,0.629225445_pos_HNF1A_aim_0.6374021638888889_10_chr20_2102360_2102528
random_sample_3,HNF1A,HNF1A_aim10,phyloP 470,0.384833,0.629225445_pos_HNF1A_aim_0.6374021638888889_10_chr20_2102360_2102528
random_sample_3,HNF1A,HNF1A_aim10,phastCons 100,0.675,0.629225445_pos_HNF1A_aim_0.6374021638888889_10_chr20_2102360_2102528
random_sample_3,HNF1A,HNF1A_aim10,phastCons 470,0.54425,0.629225445_pos_HNF1A_aim_0.6374021638888889_10_chr20_2102360_2102528
random_sample_3,HNF1A,HNF1A_aim10,GPN-MSA,0.734071,0.629225445_pos_HNF1A_aim_0.6374021638888889_10_chr20_2102360_2102528
random_sample_3,HNF1A,HNF1A_aim11,DeepACE-randaug,0.846036,0.647422709_pos_HNF1A_aim_0.6374021638888889_11_chr9_129488835_129489003
random_sample_3,HNF1A,HNF1A_aim11,DeepACE-random,0.7705,0.647422709_pos_HNF1A_aim_0.6374021638888889_11_chr9_129488835_129489003
random_sample_3,HNF1A,HNF1A_aim11,DeepACE-cold,0.7705,0.647422709_pos_HNF1A_aim_0.6374021638888889_11_chr9_129488835_129489003
random_sample_3,HNF1A,HNF1A_aim11,Evo2,0.555071,0.647422709_pos_HNF1A_aim_0.6374021638888889_11_chr9_129488835_129489003
random_sample_3,HNF1A,HNF1A_aim11,promoterAI,0.315079,0.647422709_pos_HNF1A_aim_0.6374021638888889_11_chr9_129488835_129489003
random_sample_3,HNF1A,HNF1A_aim11,phyloP 100,0.693357,0.647422709_pos_HNF1A_aim_0.6374021638888889_11_chr9_129488835_129489003
random_sample_3,HNF1A,HNF1A_aim11,phyloP 470,0.371083,0.647422709_pos_HNF1A_aim_0.6374021638888889_11_chr9_129488835_129489003
random_sample_3,HNF1A,HNF1A_aim11,phastCons 100,0.708,0.647422709_pos_HNF1A_aim_0.6374021638888889_11_chr9_129488835_129489003
random_sample_3,HNF1A,HNF1A_aim11,phastCons 470,0.565,0.647422709_pos_HNF1A_aim_0.6374021638888889_11_chr9_129488835_129489003
random_sample_3,HNF1A,HNF1A_aim11,GPN-MSA,0.775321,0.647422709_pos_HNF1A_aim_0.6374021638888889_11_chr9_129488835_129489003
random_sample_3,HNF4A,HNF4A_geo1,DeepACE-randaug,0.436952,0.9997705609999998_pos_HNF4A_top_00_chr9_37568647_37568815
random_sample_3,HNF4A,HNF4A_geo1,DeepACE-random,0.518536,0.9997705609999998_pos_HNF4A_top_00_chr9_37568647_37568815
random_sample_3,HNF4A,HNF4A_geo1,DeepACE-cold,0.501119,0.9997705609999998_pos_HNF4A_top_00_chr9_37568647_37568815
random_sample_3,HNF4A,HNF4A_geo1,Evo2,0.353405,0.9997705609999998_pos_HNF4A_top_00_chr9_37568647_37568815
random_sample_3,HNF4A,HNF4A_geo1,promoterAI,0.540417,0.9997705609999998_pos_HNF4A_top_00_chr9_37568647_37568815
random_sample_3,HNF4A,HNF4A_geo1,phyloP 100,0.497833,0.9997705609999998_pos_HNF4A_top_00_chr9_37568647_37568815
random_sample_3,HNF4A,HNF4A_geo1,phyloP 470,0.503083,0.9997705609999998_pos_HNF4A_top_00_chr9_37568647_37568815
random_sample_3,HNF4A,HNF4A_geo1,phastCons 100,0.558333,0.9997705609999998_pos_HNF4A_top_00_chr9_37568647_37568815
random_sample_3,HNF4A,HNF4A_geo1,phastCons 470,0.4795,0.9997705609999998_pos_HNF4A_top_00_chr9_37568647_37568815
random_sample_3,HNF4A,HNF4A_geo1,GPN-MSA,0.667341,0.9997705609999998_pos_HNF4A_top_00_chr9_37568647_37568815
random_sample_3,HNF4A,HNF4A_geo2,DeepACE-randaug,0.830702,0.999696318_pos_HNF4A_top_00_chr2_71388264_71388432
random_sample_3,HNF4A,HNF4A_geo2,DeepACE-random,0.626571,0.999696318_pos_HNF4A_top_00_chr2_71388264_71388432
random_sample_3,HNF4A,HNF4A_geo2,DeepACE-cold,0.590821,0.999696318_pos_HNF4A_top_00_chr2_71388264_71388432
random_sample_3,HNF4A,HNF4A_geo2,Evo2,0.581655,0.999696318_pos_HNF4A_top_00_chr2_71388264_71388432
random_sample_3,HNF4A,HNF4A_geo2,promoterAI,0.307833,0.999696318_pos_HNF4A_top_00_chr2_71388264_71388432
random_sample_3,HNF4A,HNF4A_geo2,phyloP 100,0.526643,0.999696318_pos_HNF4A_top_00_chr2_71388264_71388432
random_sample_3,HNF4A,HNF4A_geo2,phyloP 470,0.526643,0.999696318_pos_HNF4A_top_00_chr2_71388264_71388432
random_sample_3,HNF4A,HNF4A_geo2,phastCons 100,0.341357,0.999696318_pos_HNF4A_top_00_chr2_71388264_71388432
random_sample_3,HNF4A,HNF4A_geo2,phastCons 470,0.412857,0.999696318_pos_HNF4A_top_00_chr2_71388264_71388432
random_sample_3,HNF4A,HNF4A_geo2,GPN-MSA,0.391738,0.999696318_pos_HNF4A_top_00_chr2_71388264_71388432
random_sample_3,HNF4A,HNF4A_aim1,DeepACE-randaug,0.779369,0.3361351744_pos_HNF4A_aim_0.33975238062222224_11_chr19_18136260_18136428
random_sample_3,HNF4A,HNF4A_aim1,DeepACE-random,0.526655,0.3361351744_pos_HNF4A_aim_0.33975238062222224_11_chr19_18136260_18136428
random_sample_3,HNF4A,HNF4A_aim1,DeepACE-cold,0.606536,0.3361351744_pos_HNF4A_aim_0.33975238062222224_11_chr19_18136260_18136428
random_sample_3,HNF4A,HNF4A_aim1,Evo2,0.34319,0.3361351744_pos_HNF4A_aim_0.33975238062222224_11_chr19_18136260_18136428
random_sample_3,HNF4A,HNF4A_aim1,promoterAI,0.574357,0.3361351744_pos_HNF4A_aim_0.33975238062222224_11_chr19_18136260_18136428
random_sample_3,HNF4A,HNF4A_aim1,phyloP 100,0.416262,0.3361351744_pos_HNF4A_aim_0.33975238062222224_11_chr19_18136260_18136428
random_sample_3,HNF4A,HNF4A_aim1,phyloP 470,0.404988,0.3361351744_pos_HNF4A_aim_0.33975238062222224_11_chr19_18136260_18136428
random_sample_3,HNF4A,HNF4A_aim1,phastCons 100,0.552833,0.3361351744_pos_HNF4A_aim_0.33975238062222224_11_chr19_18136260_18136428
random_sample_3,HNF4A,HNF4A_aim1,phastCons 470,0.5125,0.3361351744_pos_HNF4A_aim_0.33975238062222224_11_chr19_18136260_18136428
random_sample_3,HNF4A,HNF4A_aim1,GPN-MSA,0.615833,0.3361351744_pos_HNF4A_aim_0.33975238062222224_11_chr19_18136260_18136428
random_sample_3,HNF4A,HNF4A_aim2,DeepACE-randaug,0.434857,0.3314389765_pos_HNF4A_aim_0.33975238062222224_01_chr20_34052709_34052877
random_sample_3,HNF4A,HNF4A_aim2,DeepACE-random,0.401857,0.3314389765_pos_HNF4A_aim_0.33975238062222224_01_chr20_34052709_34052877
random_sample_3,HNF4A,HNF4A_aim2,DeepACE-cold,0.379857,0.3314389765_pos_HNF4A_aim_0.33975238062222224_01_chr20_34052709_34052877
random_sample_3,HNF4A,HNF4A_aim2,Evo2,0.380905,0.3314389765_pos_HNF4A_aim_0.33975238062222224_01_chr20_34052709_34052877
random_sample_3,HNF4A,HNF4A_aim2,promoterAI,0.577071,0.3314389765_pos_HNF4A_aim_0.33975238062222224_01_chr20_34052709_34052877
random_sample_3,HNF4A,HNF4A_aim2,phyloP 100,0.468238,0.3314389765_pos_HNF4A_aim_0.33975238062222224_01_chr20_34052709_34052877
random_sample_3,HNF4A,HNF4A_aim2,phyloP 470,0.393083,0.3314389765_pos_HNF4A_aim_0.33975238062222224_01_chr20_34052709_34052877
random_sample_3,HNF4A,HNF4A_aim2,phastCons 100,0.497833,0.3314389765_pos_HNF4A_aim_0.33975238062222224_01_chr20_34052709_34052877
random_sample_3,HNF4A,HNF4A_aim2,phastCons 470,0.4245,0.3314389765_pos_HNF4A_aim_0.33975238062222224_01_chr20_34052709_34052877
random_sample_3,HNF4A,HNF4A_aim2,GPN-MSA,0.411405,0.3314389765_pos_HNF4A_aim_0.33975238062222224_01_chr20_34052709_34052877
random_sample_3,HNF4A,HNF4A_aim3,DeepACE-randaug,0.604571,0.3279082508000001_pos_HNF4A_aim_0.33975238062222224_10_chr22_29766476_29766644
random_sample_3,HNF4A,HNF4A_aim3,DeepACE-random,0.506357,0.3279082508000001_pos_HNF4A_aim_0.33975238062222224_10_chr22_29766476_29766644
random_sample_3,HNF4A,HNF4A_aim3,DeepACE-cold,0.38719,0.3279082508000001_pos_HNF4A_aim_0.33975238062222224_10_chr22_29766476_29766644
random_sample_3,HNF4A,HNF4A_aim3,Evo2,0.555202,0.3279082508000001_pos_HNF4A_aim_0.33975238062222224_10_chr22_29766476_29766644
random_sample_3,HNF4A,HNF4A_aim3,promoterAI,0.739016,0.3279082508000001_pos_HNF4A_aim_0.33975238062222224_10_chr22_29766476_29766644
random_sample_3,HNF4A,HNF4A_aim3,phyloP 100,0.604036,0.3279082508000001_pos_HNF4A_aim_0.33975238062222224_10_chr22_29766476_29766644
random_sample_3,HNF4A,HNF4A_aim3,phyloP 470,0.578774,0.3279082508000001_pos_HNF4A_aim_0.33975238062222224_10_chr22_29766476_29766644
random_sample_3,HNF4A,HNF4A_aim3,phastCons 100,0.472167,0.3279082508000001_pos_HNF4A_aim_0.33975238062222224_10_chr22_29766476_29766644
random_sample_3,HNF4A,HNF4A_aim3,phastCons 470,0.4795,0.3279082508000001_pos_HNF4A_aim_0.33975238062222224_10_chr22_29766476_29766644
random_sample_3,HNF4A,HNF4A_aim3,GPN-MSA,0.48356,0.3279082508000001_pos_HNF4A_aim_0.33975238062222224_10_chr22_29766476_29766644
random_sample_3,HNF4A,HNF4A_aim4,DeepACE-randaug,0.747702,0.341191095_pos_HNF4A_aim_0.33975238062222224_00_chr10_37831592_37831760
random_sample_3,HNF4A,HNF4A_aim4,DeepACE-random,0.674369,0.341191095_pos_HNF4A_aim_0.33975238062222224_00_chr10_37831592_37831760
random_sample_3,HNF4A,HNF4A_aim4,DeepACE-cold,0.532155,0.341191095_pos_HNF4A_aim_0.33975238062222224_00_chr10_37831592_37831760
random_sample_3,HNF4A,HNF4A_aim4,Evo2,0.512905,0.341191095_pos_HNF4A_aim_0.33975238062222224_00_chr10_37831592_37831760
random_sample_3,HNF4A,HNF4A_aim4,promoterAI,0.673155,0.341191095_pos_HNF4A_aim_0.33975238062222224_00_chr10_37831592_37831760
random_sample_3,HNF4A,HNF4A_aim4,phyloP 100,0.398583,0.341191095_pos_HNF4A_aim_0.33975238062222224_00_chr10_37831592_37831760
random_sample_3,HNF4A,HNF4A_aim4,phyloP 470,0.395746,0.341191095_pos_HNF4A_aim_0.33975238062222224_00_chr10_37831592_37831760
random_sample_3,HNF4A,HNF4A_aim4,phastCons 100,0.49,0.341191095_pos_HNF4A_aim_0.33975238062222224_00_chr10_37831592_37831760
random_sample_3,HNF4A,HNF4A_aim4,phastCons 470,0.406746,0.341191095_pos_HNF4A_aim_0.33975238062222224_00_chr10_37831592_37831760
random_sample_3,HNF4A,HNF4A_aim4,GPN-MSA,0.641369,0.341191095_pos_HNF4A_aim_0.33975238062222224_00_chr10_37831592_37831760
random_sample_3,HNF4A,HNF4A_aim5,DeepACE-randaug,0.548536,0.5724751379999999_pos_HNF4A_aim_0.5731083673555555_01_chr9_137506700_137506868
random_sample_3,HNF4A,HNF4A_aim5,DeepACE-random,0.563202,0.5724751379999999_pos_HNF4A_aim_0.5731083673555555_01_chr9_137506700_137506868
random_sample_3,HNF4A,HNF4A_aim5,DeepACE-cold,0.563202,0.5724751379999999_pos_HNF4A_aim_0.5731083673555555_01_chr9_137506700_137506868
random_sample_3,HNF4A,HNF4A_aim5,Evo2,0.408405,0.5724751379999999_pos_HNF4A_aim_0.5731083673555555_01_chr9_137506700_137506868
random_sample_3,HNF4A,HNF4A_aim5,promoterAI,0.581536,0.5724751379999999_pos_HNF4A_aim_0.5731083673555555_01_chr9_137506700_137506868
random_sample_3,HNF4A,HNF4A_aim5,phyloP 100,0.450821,0.5724751379999999_pos_HNF4A_aim_0.5731083673555555_01_chr9_137506700_137506868
random_sample_3,HNF4A,HNF4A_aim5,phyloP 470,0.391817,0.5724751379999999_pos_HNF4A_aim_0.5731083673555555_01_chr9_137506700_137506868
random_sample_3,HNF4A,HNF4A_aim5,phastCons 100,0.4245,0.5724751379999999_pos_HNF4A_aim_0.5731083673555555_01_chr9_137506700_137506868
random_sample_3,HNF4A,HNF4A_aim5,phastCons 470,0.4135,0.5724751379999999_pos_HNF4A_aim_0.5731083673555555_01_chr9_137506700_137506868
random_sample_3,HNF4A,HNF4A_aim5,GPN-MSA,0.427917,0.5724751379999999_pos_HNF4A_aim_0.5731083673555555_01_chr9_137506700_137506868
random_sample_3,HNF4A,HNF4A_aim6,DeepACE-randaug,0.606536,0.562326565_pos_HNF4A_aim_0.5731083673555555_01_chr19_7484026_7484194
random_sample_3,HNF4A,HNF4A_aim6,DeepACE-random,0.618321,0.562326565_pos_HNF4A_aim_0.5731083673555555_01_chr19_7484026_7484194
random_sample_3,HNF4A,HNF4A_aim6,DeepACE-cold,0.631155,0.562326565_pos_HNF4A_aim_0.5731083673555555_01_chr19_7484026_7484194
random_sample_3,HNF4A,HNF4A_aim6,Evo2,0.647524,0.562326565_pos_HNF4A_aim_0.5731083673555555_01_chr19_7484026_7484194
random_sample_3,HNF4A,HNF4A_aim6,promoterAI,0.485405,0.562326565_pos_HNF4A_aim_0.5731083673555555_01_chr19_7484026_7484194
random_sample_3,HNF4A,HNF4A_aim6,phyloP 100,0.424512,0.562326565_pos_HNF4A_aim_0.5731083673555555_01_chr19_7484026_7484194
random_sample_3,HNF4A,HNF4A_aim6,phyloP 470,,0.562326565_pos_HNF4A_aim_0.5731083673555555_01_chr19_7484026_7484194
random_sample_3,HNF4A,HNF4A_aim6,phastCons 100,0.360071,0.562326565_pos_HNF4A_aim_0.5731083673555555_01_chr19_7484026_7484194
random_sample_3,HNF4A,HNF4A_aim6,phastCons 470,,0.562326565_pos_HNF4A_aim_0.5731083673555555_01_chr19_7484026_7484194
random_sample_3,HNF4A,HNF4A_aim6,GPN-MSA,0.357857,0.562326565_pos_HNF4A_aim_0.5731083673555555_01_chr19_7484026_7484194
random_sample_3,HNF4A,HNF4A_aim7,DeepACE-randaug,0.590702,0.564055917_pos_HNF4A_aim_0.5731083673555555_11_chr11_62599376_62599544
random_sample_3,HNF4A,HNF4A_aim7,DeepACE-random,0.559536,0.564055917_pos_HNF4A_aim_0.5731083673555555_11_chr11_62599376_62599544
random_sample_3,HNF4A,HNF4A_aim7,DeepACE-cold,0.470488,0.564055917_pos_HNF4A_aim_0.5731083673555555_11_chr11_62599376_62599544
random_sample_3,HNF4A,HNF4A_aim7,Evo2,0.540405,0.564055917_pos_HNF4A_aim_0.5731083673555555_11_chr11_62599376_62599544
random_sample_3,HNF4A,HNF4A_aim7,promoterAI,0.37619,0.564055917_pos_HNF4A_aim_0.5731083673555555_11_chr11_62599376_62599544
random_sample_3,HNF4A,HNF4A_aim7,phyloP 100,0.5705,0.564055917_pos_HNF4A_aim_0.5731083673555555_11_chr11_62599376_62599544
random_sample_3,HNF4A,HNF4A_aim7,phyloP 470,0.47925,0.564055917_pos_HNF4A_aim_0.5731083673555555_11_chr11_62599376_62599544
random_sample_3,HNF4A,HNF4A_aim7,phastCons 100,0.530179,0.564055917_pos_HNF4A_aim_0.5731083673555555_11_chr11_62599376_62599544
random_sample_3,HNF4A,HNF4A_aim7,phastCons 470,0.452,0.564055917_pos_HNF4A_aim_0.5731083673555555_11_chr11_62599376_62599544
random_sample_3,HNF4A,HNF4A_aim7,GPN-MSA,0.47925,0.564055917_pos_HNF4A_aim_0.5731083673555555_11_chr11_62599376_62599544
random_sample_3,HNF4A,HNF4A_aim8,DeepACE-randaug,0.840917,0.569083813_pos_HNF4A_aim_0.5731083673555555_01_chr1_25163876_25164044
random_sample_3,HNF4A,HNF4A_aim8,DeepACE-random,0.917917,0.569083813_pos_HNF4A_aim_0.5731083673555555_01_chr1_25163876_25164044
random_sample_3,HNF4A,HNF4A_aim8,DeepACE-cold,0.895917,0.569083813_pos_HNF4A_aim_0.5731083673555555_01_chr1_25163876_25164044
random_sample_3,HNF4A,HNF4A_aim8,Evo2,0.634036,0.569083813_pos_HNF4A_aim_0.5731083673555555_01_chr1_25163876_25164044
random_sample_3,HNF4A,HNF4A_aim8,promoterAI,0.61004,0.569083813_pos_HNF4A_aim_0.5731083673555555_01_chr1_25163876_25164044
random_sample_3,HNF4A,HNF4A_aim8,phyloP 100,0.710794,0.569083813_pos_HNF4A_aim_0.5731083673555555_01_chr1_25163876_25164044
random_sample_3,HNF4A,HNF4A_aim8,phyloP 470,0.678079,0.569083813_pos_HNF4A_aim_0.5731083673555555_01_chr1_25163876_25164044
random_sample_3,HNF4A,HNF4A_aim8,phastCons 100,0.78394,0.569083813_pos_HNF4A_aim_0.5731083673555555_01_chr1_25163876_25164044
random_sample_3,HNF4A,HNF4A_aim8,phastCons 470,0.818,0.569083813_pos_HNF4A_aim_0.5731083673555555_01_chr1_25163876_25164044
random_sample_3,HNF4A,HNF4A_aim8,GPN-MSA,0.586083,0.569083813_pos_HNF4A_aim_0.5731083673555555_01_chr1_25163876_25164044
random_sample_3,HNF4A,HNF4A_aim9,DeepACE-randaug,0.939667,0.57221882_pos_HNF4A_aim_0.5731083673555555_01_chr3_170494030_170494198
random_sample_3,HNF4A,HNF4A_aim9,DeepACE-random,0.835286,0.57221882_pos_HNF4A_aim_0.5731083673555555_01_chr3_170494030_170494198
random_sample_3,HNF4A,HNF4A_aim9,DeepACE-cold,0.857286,0.57221882_pos_HNF4A_aim_0.5731083673555555_01_chr3_170494030_170494198
random_sample_3,HNF4A,HNF4A_aim9,Evo2,0.577571,0.57221882_pos_HNF4A_aim_0.5731083673555555_01_chr3_170494030_170494198
random_sample_3,HNF4A,HNF4A_aim9,promoterAI,0.647524,0.57221882_pos_HNF4A_aim_0.5731083673555555_01_chr3_170494030_170494198
random_sample_3,HNF4A,HNF4A_aim9,phyloP 100,0.408655,0.57221882_pos_HNF4A_aim_0.5731083673555555_01_chr3_170494030_170494198
random_sample_3,HNF4A,HNF4A_aim9,phyloP 470,0.414155,0.57221882_pos_HNF4A_aim_0.5731083673555555_01_chr3_170494030_170494198
random_sample_3,HNF4A,HNF4A_aim9,phastCons 100,0.4795,0.57221882_pos_HNF4A_aim_0.5731083673555555_01_chr3_170494030_170494198
random_sample_3,HNF4A,HNF4A_aim9,phastCons 470,0.4575,0.57221882_pos_HNF4A_aim_0.5731083673555555_01_chr3_170494030_170494198
random_sample_3,HNF4A,HNF4A_aim9,GPN-MSA,0.477984,0.57221882_pos_HNF4A_aim_0.5731083673555555_01_chr3_170494030_170494198
random_sample_3,HNF4A,HNF4A_aim10,DeepACE-randaug,0.526536,0.804237472_pos_HNF4A_aim_0.8064643540888888_00_chr12_52262794_52262962
random_sample_3,HNF4A,HNF4A_aim10,DeepACE-random,0.514869,0.804237472_pos_HNF4A_aim_0.8064643540888888_00_chr12_52262794_52262962
random_sample_3,HNF4A,HNF4A_aim10,DeepACE-cold,0.446655,0.804237472_pos_HNF4A_aim_0.8064643540888888_00_chr12_52262794_52262962
random_sample_3,HNF4A,HNF4A_aim10,Evo2,0.550619,0.804237472_pos_HNF4A_aim_0.8064643540888888_00_chr12_52262794_52262962
random_sample_3,HNF4A,HNF4A_aim10,promoterAI,0.537667,0.804237472_pos_HNF4A_aim_0.8064643540888888_00_chr12_52262794_52262962
random_sample_3,HNF4A,HNF4A_aim10,phyloP 100,0.426389,0.804237472_pos_HNF4A_aim_0.8064643540888888_00_chr12_52262794_52262962
random_sample_3,HNF4A,HNF4A_aim10,phyloP 470,0.426389,0.804237472_pos_HNF4A_aim_0.8064643540888888_00_chr12_52262794_52262962
random_sample_3,HNF4A,HNF4A_aim10,phastCons 100,0.332889,0.804237472_pos_HNF4A_aim_0.8064643540888888_00_chr12_52262794_52262962
random_sample_3,HNF4A,HNF4A_aim10,phastCons 470,0.37225,0.804237472_pos_HNF4A_aim_0.8064643540888888_00_chr12_52262794_52262962
random_sample_3,HNF4A,HNF4A_aim10,GPN-MSA,0.450746,0.804237472_pos_HNF4A_aim_0.8064643540888888_00_chr12_52262794_52262962
random_sample_3,HNF4A,HNF4A_aim11,DeepACE-randaug,0.737071,0.793263506_pos_HNF4A_aim_0.8064643540888888_01_chr6_107221782_107221950
random_sample_3,HNF4A,HNF4A_aim11,DeepACE-random,0.784869,0.793263506_pos_HNF4A_aim_0.8064643540888888_01_chr6_107221782_107221950
random_sample_3,HNF4A,HNF4A_aim11,DeepACE-cold,0.732488,0.793263506_pos_HNF4A_aim_0.8064643540888888_01_chr6_107221782_107221950
random_sample_3,HNF4A,HNF4A_aim11,Evo2,0.513821,0.793263506_pos_HNF4A_aim_0.8064643540888888_01_chr6_107221782_107221950
random_sample_3,HNF4A,HNF4A_aim11,promoterAI,0.718869,0.793263506_pos_HNF4A_aim_0.8064643540888888_01_chr6_107221782_107221950
random_sample_3,HNF4A,HNF4A_aim11,phyloP 100,0.514083,0.793263506_pos_HNF4A_aim_0.8064643540888888_01_chr6_107221782_107221950
random_sample_3,HNF4A,HNF4A_aim11,phyloP 470,0.300413,0.793263506_pos_HNF4A_aim_0.8064643540888888_01_chr6_107221782_107221950
random_sample_3,HNF4A,HNF4A_aim11,phastCons 100,0.386,0.793263506_pos_HNF4A_aim_0.8064643540888888_01_chr6_107221782_107221950
random_sample_3,HNF4A,HNF4A_aim11,phastCons 470,0.3805,0.793263506_pos_HNF4A_aim_0.8064643540888888_01_chr6_107221782_107221950
random_sample_3,HNF4A,HNF4A_aim11,GPN-MSA,0.45069,0.793263506_pos_HNF4A_aim_0.8064643540888888_01_chr6_107221782_107221950
random_sample_3,HNF4A,HNF4A_aim12,DeepACE-randaug,0.658655,0.811116653_pos_HNF4A_aim_0.8064643540888888_11_chr16_69815249_69815417
random_sample_3,HNF4A,HNF4A_aim12,DeepACE-random,0.658655,0.811116653_pos_HNF4A_aim_0.8064643540888888_11_chr16_69815249_69815417
random_sample_3,HNF4A,HNF4A_aim12,DeepACE-cold,0.618321,0.811116653_pos_HNF4A_aim_0.8064643540888888_11_chr16_69815249_69815417
random_sample_3,HNF4A,HNF4A_aim12,Evo2,0.466024,0.811116653_pos_HNF4A_aim_0.8064643540888888_11_chr16_69815249_69815417
random_sample_3,HNF4A,HNF4A_aim12,promoterAI,0.645952,0.811116653_pos_HNF4A_aim_0.8064643540888888_11_chr16_69815249_69815417
random_sample_3,HNF4A,HNF4A_aim12,phyloP 100,0.482262,0.811116653_pos_HNF4A_aim_0.8064643540888888_11_chr16_69815249_69815417
random_sample_3,HNF4A,HNF4A_aim12,phyloP 470,0.68875,0.811116653_pos_HNF4A_aim_0.8064643540888888_11_chr16_69815249_69815417
random_sample_3,HNF4A,HNF4A_aim12,phastCons 100,0.43275,0.811116653_pos_HNF4A_aim_0.8064643540888888_11_chr16_69815249_69815417
random_sample_3,HNF4A,HNF4A_aim12,phastCons 470,0.497833,0.811116653_pos_HNF4A_aim_0.8064643540888888_11_chr16_69815249_69815417
random_sample_3,HNF4A,HNF4A_aim12,GPN-MSA,0.537905,0.811116653_pos_HNF4A_aim_0.8064643540888888_11_chr16_69815249_69815417
random_sample_4,ELF1,ELF1_geo1,DeepACE-randaug,0.746238,0.9988984350000001_pos_ELF1_top_10_chr10_49941955_49942123
random_sample_4,ELF1,ELF1_geo1,DeepACE-random,0.709571,0.9988984350000001_pos_ELF1_top_10_chr10_49941955_49942123
random_sample_4,ELF1,ELF1_geo1,DeepACE-cold,0.709571,0.9988984350000001_pos_ELF1_top_10_chr10_49941955_49942123
random_sample_4,ELF1,ELF1_geo1,Evo2,0.636655,0.9988984350000001_pos_ELF1_top_10_chr10_49941955_49942123
random_sample_4,ELF1,ELF1_geo1,promoterAI,0.556357,0.9988984350000001_pos_ELF1_top_10_chr10_49941955_49942123
random_sample_4,ELF1,ELF1_geo1,phyloP 100,0.671321,0.9988984350000001_pos_ELF1_top_10_chr10_49941955_49942123
random_sample_4,ELF1,ELF1_geo1,phyloP 470,0.760238,0.9988984350000001_pos_ELF1_top_10_chr10_49941955_49942123
random_sample_4,ELF1,ELF1_geo1,phastCons 100,0.652595,0.9988984350000001_pos_ELF1_top_10_chr10_49941955_49942123
random_sample_4,ELF1,ELF1_geo1,phastCons 470,0.609929,0.9988984350000001_pos_ELF1_top_10_chr10_49941955_49942123
random_sample_4,ELF1,ELF1_geo1,GPN-MSA,0.705393,0.9988984350000001_pos_ELF1_top_10_chr10_49941955_49942123
random_sample_4,ELF1,ELF1_geo2,DeepACE-randaug,0.899583,0.9983194370000001_pos_ELF1_top_10_chr16_77191076_77191244
random_sample_4,ELF1,ELF1_geo2,DeepACE-random,0.828869,0.9983194370000001_pos_ELF1_top_10_chr16_77191076_77191244
random_sample_4,ELF1,ELF1_geo2,DeepACE-cold,0.865536,0.9983194370000001_pos_ELF1_top_10_chr16_77191076_77191244
random_sample_4,ELF1,ELF1_geo2,Evo2,0.765619,0.9983194370000001_pos_ELF1_top_10_chr16_77191076_77191244
random_sample_4,ELF1,ELF1_geo2,promoterAI,0.6935,0.9983194370000001_pos_ELF1_top_10_chr16_77191076_77191244
random_sample_4,ELF1,ELF1_geo2,phyloP 100,0.739583,0.9983194370000001_pos_ELF1_top_10_chr16_77191076_77191244
random_sample_4,ELF1,ELF1_geo2,phyloP 470,0.622238,0.9983194370000001_pos_ELF1_top_10_chr16_77191076_77191244
random_sample_4,ELF1,ELF1_geo2,phastCons 100,0.670833,0.9983194370000001_pos_ELF1_top_10_chr16_77191076_77191244
random_sample_4,ELF1,ELF1_geo2,phastCons 470,0.670833,0.9983194370000001_pos_ELF1_top_10_chr16_77191076_77191244
random_sample_4,ELF1,ELF1_geo2,GPN-MSA,0.83675,0.9983194370000001_pos_ELF1_top_10_chr16_77191076_77191244
random_sample_4,ELF1,ELF1_geo3,DeepACE-randaug,0.806869,0.9971904_pos_ELF1_top_10_chr12_57936110_57936278
random_sample_4,ELF1,ELF1_geo3,DeepACE-random,0.747583,0.9971904_pos_ELF1_top_10_chr12_57936110_57936278
random_sample_4,ELF1,ELF1_geo3,DeepACE-cold,0.720083,0.9971904_pos_ELF1_top_10_chr12_57936110_57936278
random_sample_4,ELF1,ELF1_geo3,Evo2,0.731571,0.9971904_pos_ELF1_top_10_chr12_57936110_57936278
random_sample_4,ELF1,ELF1_geo3,promoterAI,0.732369,0.9971904_pos_ELF1_top_10_chr12_57936110_57936278
random_sample_4,ELF1,ELF1_geo3,phyloP 100,0.429083,0.9971904_pos_ELF1_top_10_chr12_57936110_57936278
random_sample_4,ELF1,ELF1_geo3,phyloP 470,0.707071,0.9971904_pos_ELF1_top_10_chr12_57936110_57936278
random_sample_4,ELF1,ELF1_geo3,phastCons 100,0.5125,0.9971904_pos_ELF1_top_10_chr12_57936110_57936278
random_sample_4,ELF1,ELF1_geo3,phastCons 470,0.661786,0.9971904_pos_ELF1_top_10_chr12_57936110_57936278
random_sample_4,ELF1,ELF1_geo3,GPN-MSA,0.430917,0.9971904_pos_ELF1_top_10_chr12_57936110_57936278
random_sample_4,ELF1,ELF1_geo4,DeepACE-randaug,0.815119,0.99703078_pos_ELF1_top_10_chr17_42773349_42773517
random_sample_4,ELF1,ELF1_geo4,DeepACE-random,0.787619,0.99703078_pos_ELF1_top_10_chr17_42773349_42773517
random_sample_4,ELF1,ELF1_geo4,DeepACE-cold,0.787619,0.99703078_pos_ELF1_top_10_chr17_42773349_42773517
random_sample_4,ELF1,ELF1_geo4,Evo2,0.801369,0.99703078_pos_ELF1_top_10_chr17_42773349_42773517
random_sample_4,ELF1,ELF1_geo4,promoterAI,0.652738,0.99703078_pos_ELF1_top_10_chr17_42773349_42773517
random_sample_4,ELF1,ELF1_geo4,phyloP 100,0.736405,0.99703078_pos_ELF1_top_10_chr17_42773349_42773517
random_sample_4,ELF1,ELF1_geo4,phyloP 470,0.791405,0.99703078_pos_ELF1_top_10_chr17_42773349_42773517
random_sample_4,ELF1,ELF1_geo4,phastCons 100,0.736405,0.99703078_pos_ELF1_top_10_chr17_42773349_42773517
random_sample_4,ELF1,ELF1_geo4,phastCons 470,0.569071,0.99703078_pos_ELF1_top_10_chr17_42773349_42773517
random_sample_4,ELF1,ELF1_geo4,GPN-MSA,0.565405,0.99703078_pos_ELF1_top_10_chr17_42773349_42773517
random_sample_4,ELF1,ELF1_aim1,DeepACE-randaug,0.491952,0.489776723_pos_ELF1_aim_0.4885437176111112_11_chr17_41908328_41908496
random_sample_4,ELF1,ELF1_aim1,DeepACE-random,0.501119,0.489776723_pos_ELF1_aim_0.4885437176111112_11_chr17_41908328_41908496
random_sample_4,ELF1,ELF1_aim1,DeepACE-cold,0.501119,0.489776723_pos_ELF1_aim_0.4885437176111112_11_chr17_41908328_41908496
random_sample_4,ELF1,ELF1_aim1,Evo2,0.522071,0.489776723_pos_ELF1_aim_0.4885437176111112_11_chr17_41908328_41908496
random_sample_4,ELF1,ELF1_aim1,promoterAI,0.624869,0.489776723_pos_ELF1_aim_0.4885437176111112_11_chr17_41908328_41908496
random_sample_4,ELF1,ELF1_aim1,phyloP 100,0.530833,0.489776723_pos_ELF1_aim_0.4885437176111112_11_chr17_41908328_41908496
random_sample_4,ELF1,ELF1_aim1,phyloP 470,0.6335,0.489776723_pos_ELF1_aim_0.4885437176111112_11_chr17_41908328_41908496
random_sample_4,ELF1,ELF1_aim1,phastCons 100,0.49,0.489776723_pos_ELF1_aim_0.4885437176111112_11_chr17_41908328_41908496
random_sample_4,ELF1,ELF1_aim1,phastCons 470,0.49,0.489776723_pos_ELF1_aim_0.4885437176111112_11_chr17_41908328_41908496
random_sample_4,ELF1,ELF1_aim1,GPN-MSA,0.405,0.489776723_pos_ELF1_aim_0.4885437176111112_11_chr17_41908328_41908496
random_sample_4,ELF1,ELF1_aim2,DeepACE-randaug,0.611119,0.48907900700000007_pos_ELF1_aim_0.4885437176111112_11_chr8_100720885_100721053
random_sample_4,ELF1,ELF1_aim2,DeepACE-random,0.556119,0.48907900700000007_pos_ELF1_aim_0.4885437176111112_11_chr8_100720885_100721053
random_sample_4,ELF1,ELF1_aim2,DeepACE-cold,0.556119,0.48907900700000007_pos_ELF1_aim_0.4885437176111112_11_chr8_100720885_100721053
random_sample_4,ELF1,ELF1_aim2,Evo2,0.416524,0.48907900700000007_pos_ELF1_aim_0.4885437176111112_11_chr8_100720885_100721053
random_sample_4,ELF1,ELF1_aim2,promoterAI,0.541452,0.48907900700000007_pos_ELF1_aim_0.4885437176111112_11_chr8_100720885_100721053
random_sample_4,ELF1,ELF1_aim2,phyloP 100,0.472746,0.48907900700000007_pos_ELF1_aim_0.4885437176111112_11_chr8_100720885_100721053
random_sample_4,ELF1,ELF1_aim2,phyloP 470,0.551056,0.48907900700000007_pos_ELF1_aim_0.4885437176111112_11_chr8_100720885_100721053
random_sample_4,ELF1,ELF1_aim2,phastCons 100,0.504,0.48907900700000007_pos_ELF1_aim_0.4885437176111112_11_chr8_100720885_100721053
random_sample_4,ELF1,ELF1_aim2,phastCons 470,0.490556,0.48907900700000007_pos_ELF1_aim_0.4885437176111112_11_chr8_100720885_100721053
random_sample_4,ELF1,ELF1_aim2,GPN-MSA,0.443413,0.48907900700000007_pos_ELF1_aim_0.4885437176111112_11_chr8_100720885_100721053
random_sample_4,ELF1,ELF1_aim3,DeepACE-randaug,0.652869,0.4816352619999999_pos_ELF1_aim_0.4885437176111112_00_chr11_118956756_118956924
random_sample_4,ELF1,ELF1_aim3,DeepACE-random,0.599571,0.4816352619999999_pos_ELF1_aim_0.4885437176111112_00_chr11_118956756_118956924
random_sample_4,ELF1,ELF1_aim3,DeepACE-cold,0.421238,0.4816352619999999_pos_ELF1_aim_0.4885437176111112_00_chr11_118956756_118956924
random_sample_4,ELF1,ELF1_aim3,Evo2,0.574452,0.4816352619999999_pos_ELF1_aim_0.4885437176111112_00_chr11_118956756_118956924
random_sample_4,ELF1,ELF1_aim3,promoterAI,0.434988,0.4816352619999999_pos_ELF1_aim_0.4885437176111112_00_chr11_118956756_118956924
random_sample_4,ELF1,ELF1_aim3,phyloP 100,0.624833,0.4816352619999999_pos_ELF1_aim_0.4885437176111112_00_chr11_118956756_118956924
random_sample_4,ELF1,ELF1_aim3,phyloP 470,0.641389,0.4816352619999999_pos_ELF1_aim_0.4885437176111112_00_chr11_118956756_118956924
random_sample_4,ELF1,ELF1_aim3,phastCons 100,0.5845,0.4816352619999999_pos_ELF1_aim_0.4885437176111112_00_chr11_118956756_118956924
random_sample_4,ELF1,ELF1_aim3,phastCons 470,0.49,0.4816352619999999_pos_ELF1_aim_0.4885437176111112_00_chr11_118956756_118956924
random_sample_4,ELF1,ELF1_aim3,GPN-MSA,0.459595,0.4816352619999999_pos_ELF1_aim_0.4885437176111112_00_chr11_118956756_118956924
random_sample_4,ELF1,ELF1_aim4,DeepACE-randaug,0.608119,0.6614242389999999_pos_ELF1_aim_0.6619496487777778_11_chr16_50720113_50720281
random_sample_4,ELF1,ELF1_aim4,DeepACE-random,0.772702,0.6614242389999999_pos_ELF1_aim_0.6619496487777778_11_chr16_50720113_50720281
random_sample_4,ELF1,ELF1_aim4,DeepACE-cold,0.745321,0.6614242389999999_pos_ELF1_aim_0.6619496487777778_11_chr16_50720113_50720281
random_sample_4,ELF1,ELF1_aim4,Evo2,0.589357,0.6614242389999999_pos_ELF1_aim_0.6619496487777778_11_chr16_50720113_50720281
random_sample_4,ELF1,ELF1_aim4,promoterAI,0.805833,0.6614242389999999_pos_ELF1_aim_0.6619496487777778_11_chr16_50720113_50720281
random_sample_4,ELF1,ELF1_aim4,phyloP 100,0.590317,0.6614242389999999_pos_ELF1_aim_0.6619496487777778_11_chr16_50720113_50720281
random_sample_4,ELF1,ELF1_aim4,phyloP 470,0.408,0.6614242389999999_pos_ELF1_aim_0.6619496487777778_11_chr16_50720113_50720281
random_sample_4,ELF1,ELF1_aim4,phastCons 100,0.807119,0.6614242389999999_pos_ELF1_aim_0.6619496487777778_11_chr16_50720113_50720281
random_sample_4,ELF1,ELF1_aim4,phastCons 470,0.564083,0.6614242389999999_pos_ELF1_aim_0.6619496487777778_11_chr16_50720113_50720281
random_sample_4,ELF1,ELF1_aim4,GPN-MSA,0.6115,0.6614242389999999_pos_ELF1_aim_0.6619496487777778_11_chr16_50720113_50720281
random_sample_4,ELF1,ELF1_aim5,DeepACE-randaug,0.852321,0.661941756_pos_ELF1_aim_0.6619496487777778_11_chr2_131491227_131491395
random_sample_4,ELF1,ELF1_aim5,DeepACE-random,0.840655,0.661941756_pos_ELF1_aim_0.6619496487777778_11_chr2_131491227_131491395
random_sample_4,ELF1,ELF1_aim5,DeepACE-cold,0.818655,0.661941756_pos_ELF1_aim_0.6619496487777778_11_chr2_131491227_131491395
random_sample_4,ELF1,ELF1_aim5,Evo2,0.561857,0.661941756_pos_ELF1_aim_0.6619496487777778_11_chr2_131491227_131491395
random_sample_4,ELF1,ELF1_aim5,promoterAI,0.685675,0.661941756_pos_ELF1_aim_0.6619496487777778_11_chr2_131491227_131491395
random_sample_4,ELF1,ELF1_aim5,phyloP 100,0.51025,0.661941756_pos_ELF1_aim_0.6619496487777778_11_chr2_131491227_131491395
random_sample_4,ELF1,ELF1_aim5,phyloP 470,0.34069,0.661941756_pos_ELF1_aim_0.6619496487777778_11_chr2_131491227_131491395
random_sample_4,ELF1,ELF1_aim5,phastCons 100,0.565,0.661941756_pos_ELF1_aim_0.6619496487777778_11_chr2_131491227_131491395
random_sample_4,ELF1,ELF1_aim5,phastCons 470,0.374083,0.661941756_pos_ELF1_aim_0.6619496487777778_11_chr2_131491227_131491395
random_sample_4,ELF1,ELF1_aim5,GPN-MSA,0.579,0.661941756_pos_ELF1_aim_0.6619496487777778_11_chr2_131491227_131491395
random_sample_4,ELF1,ELF1_aim6,DeepACE-randaug,0.772702,0.693883306_pos_ELF1_aim_0.6619496487777778_11_chr17_40113255_40113423
random_sample_4,ELF1,ELF1_aim6,DeepACE-random,0.804786,0.693883306_pos_ELF1_aim_0.6619496487777778_11_chr17_40113255_40113423
random_sample_4,ELF1,ELF1_aim6,DeepACE-cold,0.791036,0.693883306_pos_ELF1_aim_0.6619496487777778_11_chr17_40113255_40113423
random_sample_4,ELF1,ELF1_aim6,Evo2,0.65169,0.693883306_pos_ELF1_aim_0.6619496487777778_11_chr17_40113255_40113423
random_sample_4,ELF1,ELF1_aim6,promoterAI,0.810417,0.693883306_pos_ELF1_aim_0.6619496487777778_11_chr17_40113255_40113423
random_sample_4,ELF1,ELF1_aim6,phyloP 100,0.46825,0.693883306_pos_ELF1_aim_0.6619496487777778_11_chr17_40113255_40113423
random_sample_4,ELF1,ELF1_aim6,phyloP 470,0.285833,0.693883306_pos_ELF1_aim_0.6619496487777778_11_chr17_40113255_40113423
random_sample_4,ELF1,ELF1_aim6,phastCons 100,0.475583,0.693883306_pos_ELF1_aim_0.6619496487777778_11_chr17_40113255_40113423
random_sample_4,ELF1,ELF1_aim6,phastCons 470,0.447778,0.693883306_pos_ELF1_aim_0.6619496487777778_11_chr17_40113255_40113423
random_sample_4,ELF1,ELF1_aim6,GPN-MSA,0.354583,0.693883306_pos_ELF1_aim_0.6619496487777778_11_chr17_40113255_40113423
random_sample_4,ELF1,ELF1_aim7,DeepACE-randaug,0.822583,0.840325476_pos_ELF1_aim_0.8353555799444445_01_chr6_30156361_30156529
random_sample_4,ELF1,ELF1_aim7,DeepACE-random,0.806869,0.840325476_pos_ELF1_aim_0.8353555799444445_01_chr6_30156361_30156529
random_sample_4,ELF1,ELF1_aim7,DeepACE-cold,0.822583,0.840325476_pos_ELF1_aim_0.8353555799444445_01_chr6_30156361_30156529
random_sample_4,ELF1,ELF1_aim7,Evo2,0.561857,0.840325476_pos_ELF1_aim_0.8353555799444445_01_chr6_30156361_30156529
random_sample_4,ELF1,ELF1_aim7,promoterAI,0.848,0.840325476_pos_ELF1_aim_0.8353555799444445_01_chr6_30156361_30156529
random_sample_4,ELF1,ELF1_aim7,phyloP 100,0.304417,0.840325476_pos_ELF1_aim_0.8353555799444445_01_chr6_30156361_30156529
random_sample_4,ELF1,ELF1_aim7,phyloP 470,0.403417,0.840325476_pos_ELF1_aim_0.8353555799444445_01_chr6_30156361_30156529
random_sample_4,ELF1,ELF1_aim7,phastCons 100,0.4795,0.840325476_pos_ELF1_aim_0.8353555799444445_01_chr6_30156361_30156529
random_sample_4,ELF1,ELF1_aim7,phastCons 470,0.4795,0.840325476_pos_ELF1_aim_0.8353555799444445_01_chr6_30156361_30156529
random_sample_4,ELF1,ELF1_aim7,GPN-MSA,0.429083,0.840325476_pos_ELF1_aim_0.8353555799444445_01_chr6_30156361_30156529
random_sample_4,ELF1,ELF1_aim8,DeepACE-randaug,0.734988,0.8304999429999999_pos_ELF1_aim_0.8353555799444445_01_chr7_100567732_100567900
random_sample_4,ELF1,ELF1_aim8,DeepACE-random,0.759988,0.8304999429999999_pos_ELF1_aim_0.8353555799444445_01_chr7_100567732_100567900
random_sample_4,ELF1,ELF1_aim8,DeepACE-cold,0.734988,0.8304999429999999_pos_ELF1_aim_0.8353555799444445_01_chr7_100567732_100567900
random_sample_4,ELF1,ELF1_aim8,Evo2,0.715071,0.8304999429999999_pos_ELF1_aim_0.8353555799444445_01_chr7_100567732_100567900
random_sample_4,ELF1,ELF1_aim8,promoterAI,0.736952,0.8304999429999999_pos_ELF1_aim_0.8353555799444445_01_chr7_100567732_100567900
random_sample_4,ELF1,ELF1_aim8,phyloP 100,0.723889,0.8304999429999999_pos_ELF1_aim_0.8353555799444445_01_chr7_100567732_100567900
random_sample_4,ELF1,ELF1_aim8,phyloP 470,0.533452,0.8304999429999999_pos_ELF1_aim_0.8353555799444445_01_chr7_100567732_100567900
random_sample_4,ELF1,ELF1_aim8,phastCons 100,0.6725,0.8304999429999999_pos_ELF1_aim_0.8353555799444445_01_chr7_100567732_100567900
random_sample_4,ELF1,ELF1_aim8,phastCons 470,0.759333,0.8304999429999999_pos_ELF1_aim_0.8353555799444445_01_chr7_100567732_100567900
random_sample_4,ELF1,ELF1_aim8,GPN-MSA,0.508889,0.8304999429999999_pos_ELF1_aim_0.8353555799444445_01_chr7_100567732_100567900
random_sample_4,ELF1,ELF1_aim9,DeepACE-randaug,0.750702,0.838780914_pos_ELF1_aim_0.8353555799444445_11_chr12_51922817_51922985
random_sample_4,ELF1,ELF1_aim9,DeepACE-random,0.723202,0.838780914_pos_ELF1_aim_0.8353555799444445_11_chr12_51922817_51922985
random_sample_4,ELF1,ELF1_aim9,DeepACE-cold,0.723202,0.838780914_pos_ELF1_aim_0.8353555799444445_11_chr12_51922817_51922985
random_sample_4,ELF1,ELF1_aim9,Evo2,0.421238,0.838780914_pos_ELF1_aim_0.8353555799444445_11_chr12_51922817_51922985
random_sample_4,ELF1,ELF1_aim9,promoterAI,0.723202,0.838780914_pos_ELF1_aim_0.8353555799444445_11_chr12_51922817_51922985
random_sample_4,ELF1,ELF1_aim9,phyloP 100,0.528071,0.838780914_pos_ELF1_aim_0.8353555799444445_11_chr12_51922817_51922985
random_sample_4,ELF1,ELF1_aim9,phyloP 470,0.464683,0.838780914_pos_ELF1_aim_0.8353555799444445_11_chr12_51922817_51922985
random_sample_4,ELF1,ELF1_aim9,phastCons 100,0.565,0.838780914_pos_ELF1_aim_0.8353555799444445_11_chr12_51922817_51922985
random_sample_4,ELF1,ELF1_aim9,phastCons 470,0.615833,0.838780914_pos_ELF1_aim_0.8353555799444445_11_chr12_51922817_51922985
random_sample_4,ELF1,ELF1_aim9,GPN-MSA,0.51225,0.838780914_pos_ELF1_aim_0.8353555799444445_11_chr12_51922817_51922985
random_sample_4,HNF1A,HNF1A_geo1,DeepACE-randaug,0.853,0.754666704_pos_HNF1A_top_10_chr3_28241947_28242115
random_sample_4,HNF1A,HNF1A_geo1,DeepACE-random,0.763036,0.754666704_pos_HNF1A_top_10_chr3_28241947_28242115
random_sample_4,HNF1A,HNF1A_geo1,DeepACE-cold,0.901036,0.754666704_pos_HNF1A_top_10_chr3_28241947_28242115
random_sample_4,HNF1A,HNF1A_geo1,Evo2,0.34319,0.754666704_pos_HNF1A_top_10_chr3_28241947_28242115
random_sample_4,HNF1A,HNF1A_geo1,promoterAI,0.711036,0.754666704_pos_HNF1A_top_10_chr3_28241947_28242115
random_sample_4,HNF1A,HNF1A_geo1,phyloP 100,0.35275,0.754666704_pos_HNF1A_top_10_chr3_28241947_28242115
random_sample_4,HNF1A,HNF1A_geo1,phyloP 470,0.320524,0.754666704_pos_HNF1A_top_10_chr3_28241947_28242115
random_sample_4,HNF1A,HNF1A_geo1,phastCons 100,0.642833,0.754666704_pos_HNF1A_top_10_chr3_28241947_28242115
random_sample_4,HNF1A,HNF1A_geo1,phastCons 470,0.49,0.754666704_pos_HNF1A_top_10_chr3_28241947_28242115
random_sample_4,HNF1A,HNF1A_geo1,GPN-MSA,0.659571,0.754666704_pos_HNF1A_top_10_chr3_28241947_28242115
random_sample_4,HNF1A,HNF1A_geo2,DeepACE-randaug,0.81175,0.7544006320000001_pos_HNF1A_top_10_chr17_43361025_43361193
random_sample_4,HNF1A,HNF1A_geo2,DeepACE-random,0.81175,0.7544006320000001_pos_HNF1A_top_10_chr17_43361025_43361193
random_sample_4,HNF1A,HNF1A_geo2,DeepACE-cold,0.86175,0.7544006320000001_pos_HNF1A_top_10_chr17_43361025_43361193
random_sample_4,HNF1A,HNF1A_geo2,Evo2,0.399238,0.7544006320000001_pos_HNF1A_top_10_chr17_43361025_43361193
random_sample_4,HNF1A,HNF1A_geo2,promoterAI,0.489988,0.7544006320000001_pos_HNF1A_top_10_chr17_43361025_43361193
random_sample_4,HNF1A,HNF1A_geo2,phyloP 100,0.362746,0.7544006320000001_pos_HNF1A_top_10_chr17_43361025_43361193
random_sample_4,HNF1A,HNF1A_geo2,phyloP 470,0.300413,0.7544006320000001_pos_HNF1A_top_10_chr17_43361025_43361193
random_sample_4,HNF1A,HNF1A_geo2,phastCons 100,0.737389,0.7544006320000001_pos_HNF1A_top_10_chr17_43361025_43361193
random_sample_4,HNF1A,HNF1A_geo2,phastCons 470,0.49,0.7544006320000001_pos_HNF1A_top_10_chr17_43361025_43361193
random_sample_4,HNF1A,HNF1A_geo2,GPN-MSA,0.320524,0.7544006320000001_pos_HNF1A_top_10_chr17_43361025_43361193
random_sample_4,HNF1A,HNF1A_geo3,DeepACE-randaug,0.754786,0.748247535_pos_HNF1A_top_10_chr16_28553902_28554070
random_sample_4,HNF1A,HNF1A_geo3,DeepACE-random,0.741036,0.748247535_pos_HNF1A_top_10_chr16_28553902_28554070
random_sample_4,HNF1A,HNF1A_geo3,DeepACE-cold,0.846036,0.748247535_pos_HNF1A_top_10_chr16_28553902_28554070
random_sample_4,HNF1A,HNF1A_geo3,Evo2,0.380905,0.748247535_pos_HNF1A_top_10_chr16_28553902_28554070
random_sample_4,HNF1A,HNF1A_geo3,promoterAI,0.891333,0.748247535_pos_HNF1A_top_10_chr16_28553902_28554070
random_sample_4,HNF1A,HNF1A_geo3,phyloP 100,0.768,0.748247535_pos_HNF1A_top_10_chr16_28553902_28554070
random_sample_4,HNF1A,HNF1A_geo3,phyloP 470,0.763952,0.748247535_pos_HNF1A_top_10_chr16_28553902_28554070
random_sample_4,HNF1A,HNF1A_geo3,phastCons 100,0.704968,0.748247535_pos_HNF1A_top_10_chr16_28553902_28554070
random_sample_4,HNF1A,HNF1A_geo3,phastCons 470,0.752286,0.748247535_pos_HNF1A_top_10_chr16_28553902_28554070
random_sample_4,HNF1A,HNF1A_geo3,GPN-MSA,0.738536,0.748247535_pos_HNF1A_top_10_chr16_28553902_28554070
random_sample_4,HNF1A,HNF1A_geo4,DeepACE-randaug,0.672286,0.741776531_pos_HNF1A_top_11_chr3_50194763_50194931
random_sample_4,HNF1A,HNF1A_geo4,DeepACE-random,0.699786,0.741776531_pos_HNF1A_top_11_chr3_50194763_50194931
random_sample_4,HNF1A,HNF1A_geo4,DeepACE-cold,0.658536,0.741776531_pos_HNF1A_top_11_chr3_50194763_50194931
random_sample_4,HNF1A,HNF1A_geo4,Evo2,0.431321,0.741776531_pos_HNF1A_top_11_chr3_50194763_50194931
random_sample_4,HNF1A,HNF1A_geo4,promoterAI,0.64796,0.741776531_pos_HNF1A_top_11_chr3_50194763_50194931
random_sample_4,HNF1A,HNF1A_geo4,phyloP 100,0.769167,0.741776531_pos_HNF1A_top_11_chr3_50194763_50194931
random_sample_4,HNF1A,HNF1A_geo4,phyloP 470,0.769167,0.741776531_pos_HNF1A_top_11_chr3_50194763_50194931
random_sample_4,HNF1A,HNF1A_geo4,phastCons 100,0.716611,0.741776531_pos_HNF1A_top_11_chr3_50194763_50194931
random_sample_4,HNF1A,HNF1A_geo4,phastCons 470,0.704333,0.741776531_pos_HNF1A_top_11_chr3_50194763_50194931
random_sample_4,HNF1A,HNF1A_geo4,GPN-MSA,0.746905,0.741776531_pos_HNF1A_top_11_chr3_50194763_50194931
random_sample_4,HNF1A,HNF1A_geo5,DeepACE-randaug,0.833869,0.737346788_pos_HNF1A_top_10_chr14_70359648_70359816
random_sample_4,HNF1A,HNF1A_geo5,DeepACE-random,0.778869,0.737346788_pos_HNF1A_top_10_chr14_70359648_70359816
random_sample_4,HNF1A,HNF1A_geo5,DeepACE-cold,0.794583,0.737346788_pos_HNF1A_top_10_chr14_70359648_70359816
random_sample_4,HNF1A,HNF1A_geo5,Evo2,0.589357,0.737346788_pos_HNF1A_top_10_chr14_70359648_70359816
random_sample_4,HNF1A,HNF1A_geo5,promoterAI,0.693357,0.737346788_pos_HNF1A_top_10_chr14_70359648_70359816
random_sample_4,HNF1A,HNF1A_geo5,phyloP 100,0.721119,0.737346788_pos_HNF1A_top_10_chr14_70359648_70359816
random_sample_4,HNF1A,HNF1A_geo5,phyloP 470,0.488036,0.737346788_pos_HNF1A_top_10_chr14_70359648_70359816
random_sample_4,HNF1A,HNF1A_geo5,phastCons 100,0.7355,0.737346788_pos_HNF1A_top_10_chr14_70359648_70359816
random_sample_4,HNF1A,HNF1A_geo5,phastCons 470,0.7355,0.737346788_pos_HNF1A_top_10_chr14_70359648_70359816
random_sample_4,HNF1A,HNF1A_geo5,GPN-MSA,0.859667,0.737346788_pos_HNF1A_top_10_chr14_70359648_70359816
random_sample_4,HNF1A,HNF1A_geo6,DeepACE-randaug,0.83375,0.735344632_pos_HNF1A_top_01_chr9_33029582_33029750
random_sample_4,HNF1A,HNF1A_geo6,DeepACE-random,0.8475,0.735344632_pos_HNF1A_top_01_chr9_33029582_33029750
random_sample_4,HNF1A,HNF1A_geo6,DeepACE-cold,0.742083,0.735344632_pos_HNF1A_top_01_chr9_33029582_33029750
random_sample_4,HNF1A,HNF1A_geo6,Evo2,0.688119,0.735344632_pos_HNF1A_top_01_chr9_33029582_33029750
random_sample_4,HNF1A,HNF1A_geo6,promoterAI,0.91125,0.735344632_pos_HNF1A_top_01_chr9_33029582_33029750
random_sample_4,HNF1A,HNF1A_geo6,phyloP 100,0.604571,0.735344632_pos_HNF1A_top_01_chr9_33029582_33029750
random_sample_4,HNF1A,HNF1A_geo6,phyloP 470,0.449,0.735344632_pos_HNF1A_top_01_chr9_33029582_33029750
random_sample_4,HNF1A,HNF1A_geo6,phastCons 100,0.657857,0.735344632_pos_HNF1A_top_01_chr9_33029582_33029750
random_sample_4,HNF1A,HNF1A_geo6,phastCons 470,0.65975,0.735344632_pos_HNF1A_top_01_chr9_33029582_33029750
random_sample_4,HNF1A,HNF1A_geo6,GPN-MSA,0.804905,0.735344632_pos_HNF1A_top_01_chr9_33029582_33029750
random_sample_4,HNF1A,HNF1A_geo7,DeepACE-randaug,0.782286,0.7352524960000001_pos_HNF1A_top_10_chr6_116254112_116254280
random_sample_4,HNF1A,HNF1A_geo7,DeepACE-random,0.80625,0.7352524960000001_pos_HNF1A_top_10_chr6_116254112_116254280
random_sample_4,HNF1A,HNF1A_geo7,DeepACE-cold,0.760536,0.7352524960000001_pos_HNF1A_top_10_chr6_116254112_116254280
random_sample_4,HNF1A,HNF1A_geo7,Evo2,0.412988,0.7352524960000001_pos_HNF1A_top_10_chr6_116254112_116254280
random_sample_4,HNF1A,HNF1A_geo7,promoterAI,0.703571,0.7352524960000001_pos_HNF1A_top_10_chr6_116254112_116254280
random_sample_4,HNF1A,HNF1A_geo7,phyloP 100,0.371083,0.7352524960000001_pos_HNF1A_top_10_chr6_116254112_116254280
random_sample_4,HNF1A,HNF1A_geo7,phyloP 470,0.368246,0.7352524960000001_pos_HNF1A_top_10_chr6_116254112_116254280
random_sample_4,HNF1A,HNF1A_geo7,phastCons 100,0.4245,0.7352524960000001_pos_HNF1A_top_10_chr6_116254112_116254280
random_sample_4,HNF1A,HNF1A_geo7,phastCons 470,0.4245,0.7352524960000001_pos_HNF1A_top_10_chr6_116254112_116254280
random_sample_4,HNF1A,HNF1A_geo7,GPN-MSA,0.762488,0.7352524960000001_pos_HNF1A_top_10_chr6_116254112_116254280
random_sample_4,HNF1A,HNF1A_geo8,DeepACE-randaug,0.566333,0.7331385859999999_pos_HNF1A_top_11_chr14_60657594_60657762
random_sample_4,HNF1A,HNF1A_geo8,DeepACE-random,0.813833,0.7331385859999999_pos_HNF1A_top_11_chr14_60657594_60657762
random_sample_4,HNF1A,HNF1A_geo8,DeepACE-cold,0.694667,0.7331385859999999_pos_HNF1A_top_11_chr14_60657594_60657762
random_sample_4,HNF1A,HNF1A_geo8,Evo2,0.297357,0.7331385859999999_pos_HNF1A_top_11_chr14_60657594_60657762
random_sample_4,HNF1A,HNF1A_geo8,promoterAI,0.361262,0.7331385859999999_pos_HNF1A_top_11_chr14_60657594_60657762
random_sample_4,HNF1A,HNF1A_geo8,phyloP 100,0.670702,0.7331385859999999_pos_HNF1A_top_11_chr14_60657594_60657762
random_sample_4,HNF1A,HNF1A_geo8,phyloP 470,0.692702,0.7331385859999999_pos_HNF1A_top_11_chr14_60657594_60657762
random_sample_4,HNF1A,HNF1A_geo8,phastCons 100,0.778833,0.7331385859999999_pos_HNF1A_top_11_chr14_60657594_60657762
random_sample_4,HNF1A,HNF1A_geo8,phastCons 470,0.626167,0.7331385859999999_pos_HNF1A_top_11_chr14_60657594_60657762
random_sample_4,HNF1A,HNF1A_geo8,GPN-MSA,0.733036,0.7331385859999999_pos_HNF1A_top_11_chr14_60657594_60657762
random_sample_4,HNF1A,HNF1A_aim1,DeepACE-randaug,0.729369,0.467734907_pos_HNF1A_aim_0.46087999122222223_01_chr20_45927400_45927568
random_sample_4,HNF1A,HNF1A_aim1,DeepACE-random,0.674369,0.467734907_pos_HNF1A_aim_0.46087999122222223_01_chr20_45927400_45927568
random_sample_4,HNF1A,HNF1A_aim1,DeepACE-cold,0.729369,0.467734907_pos_HNF1A_aim_0.46087999122222223_01_chr20_45927400_45927568
random_sample_4,HNF1A,HNF1A_aim1,Evo2,0.483321,0.467734907_pos_HNF1A_aim_0.46087999122222223_01_chr20_45927400_45927568
random_sample_4,HNF1A,HNF1A_aim1,promoterAI,0.622381,0.467734907_pos_HNF1A_aim_0.46087999122222223_01_chr20_45927400_45927568
random_sample_4,HNF1A,HNF1A_aim1,phyloP 100,0.499155,0.467734907_pos_HNF1A_aim_0.46087999122222223_01_chr20_45927400_45927568
random_sample_4,HNF1A,HNF1A_aim1,phyloP 470,0.551155,0.467734907_pos_HNF1A_aim_0.46087999122222223_01_chr20_45927400_45927568
random_sample_4,HNF1A,HNF1A_aim1,phastCons 100,0.698321,0.467734907_pos_HNF1A_aim_0.46087999122222223_01_chr20_45927400_45927568
random_sample_4,HNF1A,HNF1A_aim1,phastCons 470,0.581,0.467734907_pos_HNF1A_aim_0.46087999122222223_01_chr20_45927400_45927568
random_sample_4,HNF1A,HNF1A_aim1,GPN-MSA,0.631155,0.467734907_pos_HNF1A_aim_0.46087999122222223_01_chr20_45927400_45927568
random_sample_4,HNF1A,HNF1A_aim2,DeepACE-randaug,0.847202,0.458192214_pos_HNF1A_aim_0.46087999122222223_01_chr12_94230726_94230894
random_sample_4,HNF1A,HNF1A_aim2,DeepACE-random,0.749667,0.458192214_pos_HNF1A_aim_0.46087999122222223_01_chr12_94230726_94230894
random_sample_4,HNF1A,HNF1A_aim2,DeepACE-cold,0.742202,0.458192214_pos_HNF1A_aim_0.46087999122222223_01_chr12_94230726_94230894
random_sample_4,HNF1A,HNF1A_aim2,Evo2,0.36519,0.458192214_pos_HNF1A_aim_0.46087999122222223_01_chr12_94230726_94230894
random_sample_4,HNF1A,HNF1A_aim2,promoterAI,0.882167,0.458192214_pos_HNF1A_aim_0.46087999122222223_01_chr12_94230726_94230894
random_sample_4,HNF1A,HNF1A_aim2,phyloP 100,0.760655,0.458192214_pos_HNF1A_aim_0.46087999122222223_01_chr12_94230726_94230894
random_sample_4,HNF1A,HNF1A_aim2,phyloP 470,0.465238,0.458192214_pos_HNF1A_aim_0.46087999122222223_01_chr12_94230726_94230894
random_sample_4,HNF1A,HNF1A_aim2,phastCons 100,0.676833,0.458192214_pos_HNF1A_aim_0.46087999122222223_01_chr12_94230726_94230894
random_sample_4,HNF1A,HNF1A_aim2,phastCons 470,0.6115,0.458192214_pos_HNF1A_aim_0.46087999122222223_01_chr12_94230726_94230894
random_sample_4,HNF1A,HNF1A_aim2,GPN-MSA,0.706571,0.458192214_pos_HNF1A_aim_0.46087999122222223_01_chr12_94230726_94230894
random_sample_4,HNF1A,HNF1A_aim3,DeepACE-randaug,0.782286,0.4607891860000001_pos_HNF1A_aim_0.46087999122222223_11_chr17_64386788_64386956
random_sample_4,HNF1A,HNF1A_aim3,DeepACE-random,0.741036,0.4607891860000001_pos_HNF1A_aim_0.46087999122222223_11_chr17_64386788_64386956
random_sample_4,HNF1A,HNF1A_aim3,DeepACE-cold,0.741036,0.4607891860000001_pos_HNF1A_aim_0.46087999122222223_11_chr17_64386788_64386956
random_sample_4,HNF1A,HNF1A_aim3,Evo2,0.619369,0.4607891860000001_pos_HNF1A_aim_0.46087999122222223_11_chr17_64386788_64386956
random_sample_4,HNF1A,HNF1A_aim3,promoterAI,0.56725,0.4607891860000001_pos_HNF1A_aim_0.46087999122222223_11_chr17_64386788_64386956
random_sample_4,HNF1A,HNF1A_aim3,phyloP 100,0.561357,0.4607891860000001_pos_HNF1A_aim_0.46087999122222223_11_chr17_64386788_64386956
random_sample_4,HNF1A,HNF1A_aim3,phyloP 470,0.470607,0.4607891860000001_pos_HNF1A_aim_0.46087999122222223_11_chr17_64386788_64386956
random_sample_4,HNF1A,HNF1A_aim3,phastCons 100,0.563833,0.4607891860000001_pos_HNF1A_aim_0.46087999122222223_11_chr17_64386788_64386956
random_sample_4,HNF1A,HNF1A_aim3,phastCons 470,0.494167,0.4607891860000001_pos_HNF1A_aim_0.46087999122222223_11_chr17_64386788_64386956
random_sample_4,HNF1A,HNF1A_aim3,GPN-MSA,0.681571,0.4607891860000001_pos_HNF1A_aim_0.46087999122222223_11_chr17_64386788_64386956
random_sample_4,HNF1A,HNF1A_aim4,DeepACE-randaug,0.77675,0.469033724_pos_HNF1A_aim_0.46087999122222223_01_chr11_12429306_12429474
random_sample_4,HNF1A,HNF1A_aim4,DeepACE-random,0.67175,0.469033724_pos_HNF1A_aim_0.46087999122222223_01_chr11_12429306_12429474
random_sample_4,HNF1A,HNF1A_aim4,DeepACE-cold,0.67175,0.469033724_pos_HNF1A_aim_0.46087999122222223_01_chr11_12429306_12429474
random_sample_4,HNF1A,HNF1A_aim4,Evo2,0.519452,0.469033724_pos_HNF1A_aim_0.46087999122222223_01_chr11_12429306_12429474
random_sample_4,HNF1A,HNF1A_aim4,promoterAI,0.74925,0.469033724_pos_HNF1A_aim_0.46087999122222223_01_chr11_12429306_12429474
random_sample_4,HNF1A,HNF1A_aim4,phyloP 100,0.633238,0.469033724_pos_HNF1A_aim_0.46087999122222223_01_chr11_12429306_12429474
random_sample_4,HNF1A,HNF1A_aim4,phyloP 470,0.386579,0.469033724_pos_HNF1A_aim_0.46087999122222223_01_chr11_12429306_12429474
random_sample_4,HNF1A,HNF1A_aim4,phastCons 100,0.660738,0.469033724_pos_HNF1A_aim_0.46087999122222223_01_chr11_12429306_12429474
random_sample_4,HNF1A,HNF1A_aim4,phastCons 470,0.5455,0.469033724_pos_HNF1A_aim_0.46087999122222223_01_chr11_12429306_12429474
random_sample_4,HNF1A,HNF1A_aim4,GPN-MSA,0.674488,0.469033724_pos_HNF1A_aim_0.46087999122222223_01_chr11_12429306_12429474
random_sample_4,HNF1A,HNF1A_aim5,DeepACE-randaug,0.647786,0.5483327269999999_pos_HNF1A_aim_0.5491410775555555_11_chr1_21937776_21937944
random_sample_4,HNF1A,HNF1A_aim5,DeepACE-random,0.583619,0.5483327269999999_pos_HNF1A_aim_0.5491410775555555_11_chr1_21937776_21937944
random_sample_4,HNF1A,HNF1A_aim5,DeepACE-cold,0.688619,0.5483327269999999_pos_HNF1A_aim_0.5491410775555555_11_chr1_21937776_21937944
random_sample_4,HNF1A,HNF1A_aim5,Evo2,0.55219,0.5483327269999999_pos_HNF1A_aim_0.5491410775555555_11_chr1_21937776_21937944
random_sample_4,HNF1A,HNF1A_aim5,promoterAI,0.465238,0.5483327269999999_pos_HNF1A_aim_0.5491410775555555_11_chr1_21937776_21937944
random_sample_4,HNF1A,HNF1A_aim5,phyloP 100,0.557155,0.5483327269999999_pos_HNF1A_aim_0.5491410775555555_11_chr1_21937776_21937944
random_sample_4,HNF1A,HNF1A_aim5,phyloP 470,0.473738,0.5483327269999999_pos_HNF1A_aim_0.5491410775555555_11_chr1_21937776_21937944
random_sample_4,HNF1A,HNF1A_aim5,phastCons 100,0.516333,0.5483327269999999_pos_HNF1A_aim_0.5491410775555555_11_chr1_21937776_21937944
random_sample_4,HNF1A,HNF1A_aim5,phastCons 470,0.568667,0.5483327269999999_pos_HNF1A_aim_0.5491410775555555_11_chr1_21937776_21937944
random_sample_4,HNF1A,HNF1A_aim5,GPN-MSA,0.600369,0.5483327269999999_pos_HNF1A_aim_0.5491410775555555_11_chr1_21937776_21937944
random_sample_4,HNF1A,HNF1A_aim6,DeepACE-randaug,0.540286,0.544727686_pos_HNF1A_aim_0.5491410775555555_11_chr5_134648284_134648452
random_sample_4,HNF1A,HNF1A_aim6,DeepACE-random,0.566869,0.544727686_pos_HNF1A_aim_0.5491410775555555_11_chr5_134648284_134648452
random_sample_4,HNF1A,HNF1A_aim6,DeepACE-cold,0.630119,0.544727686_pos_HNF1A_aim_0.5491410775555555_11_chr5_134648284_134648452
random_sample_4,HNF1A,HNF1A_aim6,Evo2,0.434988,0.544727686_pos_HNF1A_aim_0.5491410775555555_11_chr5_134648284_134648452
random_sample_4,HNF1A,HNF1A_aim6,promoterAI,0.742563,0.544727686_pos_HNF1A_aim_0.5491410775555555_11_chr5_134648284_134648452
random_sample_4,HNF1A,HNF1A_aim6,phyloP 100,0.398583,0.544727686_pos_HNF1A_aim_0.5491410775555555_11_chr5_134648284_134648452
random_sample_4,HNF1A,HNF1A_aim6,phyloP 470,0.374183,0.544727686_pos_HNF1A_aim_0.5491410775555555_11_chr5_134648284_134648452
random_sample_4,HNF1A,HNF1A_aim6,phastCons 100,0.62,0.544727686_pos_HNF1A_aim_0.5491410775555555_11_chr5_134648284_134648452
random_sample_4,HNF1A,HNF1A_aim6,phastCons 470,0.49,0.544727686_pos_HNF1A_aim_0.5491410775555555_11_chr5_134648284_134648452
random_sample_4,HNF1A,HNF1A_aim6,GPN-MSA,0.752405,0.544727686_pos_HNF1A_aim_0.5491410775555555_11_chr5_134648284_134648452
random_sample_4,HNF1A,HNF1A_aim7,DeepACE-randaug,0.675286,0.5423570449999999_pos_HNF1A_aim_0.5491410775555555_10_chr19_11888290_11888458
random_sample_4,HNF1A,HNF1A_aim7,DeepACE-random,0.733036,0.5423570449999999_pos_HNF1A_aim_0.5491410775555555_10_chr19_11888290_11888458
random_sample_4,HNF1A,HNF1A_aim7,DeepACE-cold,0.751369,0.5423570449999999_pos_HNF1A_aim_0.5491410775555555_10_chr19_11888290_11888458
random_sample_4,HNF1A,HNF1A_aim7,Evo2,0.495488,0.5423570449999999_pos_HNF1A_aim_0.5491410775555555_10_chr19_11888290_11888458
random_sample_4,HNF1A,HNF1A_aim7,promoterAI,0.871036,0.5423570449999999_pos_HNF1A_aim_0.5491410775555555_10_chr19_11888290_11888458
random_sample_4,HNF1A,HNF1A_aim7,phyloP 100,0.674369,0.5423570449999999_pos_HNF1A_aim_0.5491410775555555_10_chr19_11888290_11888458
random_sample_4,HNF1A,HNF1A_aim7,phyloP 470,0.371083,0.5423570449999999_pos_HNF1A_aim_0.5491410775555555_10_chr19_11888290_11888458
random_sample_4,HNF1A,HNF1A_aim7,phastCons 100,0.715738,0.5423570449999999_pos_HNF1A_aim_0.5491410775555555_10_chr19_11888290_11888458
random_sample_4,HNF1A,HNF1A_aim7,phastCons 470,0.49,0.5423570449999999_pos_HNF1A_aim_0.5491410775555555_10_chr19_11888290_11888458
random_sample_4,HNF1A,HNF1A_aim7,GPN-MSA,0.704488,0.5423570449999999_pos_HNF1A_aim_0.5491410775555555_10_chr19_11888290_11888458
random_sample_4,HNF1A,HNF1A_aim8,DeepACE-randaug,0.785917,0.639747075_pos_HNF1A_aim_0.6374021638888889_11_chr2_113126954_113127122
random_sample_4,HNF1A,HNF1A_aim8,DeepACE-random,0.680917,0.639747075_pos_HNF1A_aim_0.6374021638888889_11_chr2_113126954_113127122
random_sample_4,HNF1A,HNF1A_aim8,DeepACE-cold,0.708417,0.639747075_pos_HNF1A_aim_0.6374021638888889_11_chr2_113126954_113127122
random_sample_4,HNF1A,HNF1A_aim8,Evo2,0.401857,0.639747075_pos_HNF1A_aim_0.6374021638888889_11_chr2_113126954_113127122
random_sample_4,HNF1A,HNF1A_aim8,promoterAI,0.692702,0.639747075_pos_HNF1A_aim_0.6374021638888889_11_chr2_113126954_113127122
random_sample_4,HNF1A,HNF1A_aim8,phyloP 100,0.390246,0.639747075_pos_HNF1A_aim_0.6374021638888889_11_chr2_113126954_113127122
random_sample_4,HNF1A,HNF1A_aim8,phyloP 470,0.420583,0.639747075_pos_HNF1A_aim_0.6374021638888889_11_chr2_113126954_113127122
random_sample_4,HNF1A,HNF1A_aim8,phastCons 100,0.62675,0.639747075_pos_HNF1A_aim_0.6374021638888889_11_chr2_113126954_113127122
random_sample_4,HNF1A,HNF1A_aim8,phastCons 470,0.49,0.639747075_pos_HNF1A_aim_0.6374021638888889_11_chr2_113126954_113127122
random_sample_4,HNF1A,HNF1A_aim8,GPN-MSA,0.656036,0.639747075_pos_HNF1A_aim_0.6374021638888889_11_chr2_113126954_113127122
random_sample_4,HNF1A,HNF1A_aim9,DeepACE-randaug,0.82,0.6356847309999999_pos_HNF1A_aim_0.6374021638888889_11_chr2_85742500_85742668
random_sample_4,HNF1A,HNF1A_aim9,DeepACE-random,0.808333,0.6356847309999999_pos_HNF1A_aim_0.6374021638888889_11_chr2_85742500_85742668
random_sample_4,HNF1A,HNF1A_aim9,DeepACE-cold,0.767083,0.6356847309999999_pos_HNF1A_aim_0.6374021638888889_11_chr2_85742500_85742668
random_sample_4,HNF1A,HNF1A_aim9,Evo2,0.681833,0.6356847309999999_pos_HNF1A_aim_0.6374021638888889_11_chr2_85742500_85742668
random_sample_4,HNF1A,HNF1A_aim9,promoterAI,0.603,0.6356847309999999_pos_HNF1A_aim_0.6374021638888889_11_chr2_85742500_85742668
random_sample_4,HNF1A,HNF1A_aim9,phyloP 100,0.73369,0.6356847309999999_pos_HNF1A_aim_0.6374021638888889_11_chr2_85742500_85742668
random_sample_4,HNF1A,HNF1A_aim9,phyloP 470,0.736821,0.6356847309999999_pos_HNF1A_aim_0.6374021638888889_11_chr2_85742500_85742668
random_sample_4,HNF1A,HNF1A_aim9,phastCons 100,0.6885,0.6356847309999999_pos_HNF1A_aim_0.6374021638888889_11_chr2_85742500_85742668
random_sample_4,HNF1A,HNF1A_aim9,phastCons 470,0.6885,0.6356847309999999_pos_HNF1A_aim_0.6374021638888889_11_chr2_85742500_85742668
random_sample_4,HNF1A,HNF1A_aim9,GPN-MSA,0.746786,0.6356847309999999_pos_HNF1A_aim_0.6374021638888889_11_chr2_85742500_85742668
random_sample_4,HNF1A,HNF1A_aim10,DeepACE-randaug,0.751369,0.629225445_pos_HNF1A_aim_0.6374021638888889_10_chr20_2102360_2102528
random_sample_4,HNF1A,HNF1A_aim10,DeepACE-random,0.751369,0.629225445_pos_HNF1A_aim_0.6374021638888889_10_chr20_2102360_2102528
random_sample_4,HNF1A,HNF1A_aim10,DeepACE-cold,0.665202,0.629225445_pos_HNF1A_aim_0.6374021638888889_10_chr20_2102360_2102528
random_sample_4,HNF1A,HNF1A_aim10,Evo2,0.31569,0.629225445_pos_HNF1A_aim_0.6374021638888889_10_chr20_2102360_2102528
random_sample_4,HNF1A,HNF1A_aim10,promoterAI,0.429357,0.629225445_pos_HNF1A_aim_0.6374021638888889_10_chr20_2102360_2102528
random_sample_4,HNF1A,HNF1A_aim10,phyloP 100,0.589238,0.629225445_pos_HNF1A_aim_0.6374021638888889_10_chr20_2102360_2102528
random_sample_4,HNF1A,HNF1A_aim10,phyloP 470,0.384833,0.629225445_pos_HNF1A_aim_0.6374021638888889_10_chr20_2102360_2102528
random_sample_4,HNF1A,HNF1A_aim10,phastCons 100,0.675,0.629225445_pos_HNF1A_aim_0.6374021638888889_10_chr20_2102360_2102528
random_sample_4,HNF1A,HNF1A_aim10,phastCons 470,0.54425,0.629225445_pos_HNF1A_aim_0.6374021638888889_10_chr20_2102360_2102528
random_sample_4,HNF1A,HNF1A_aim10,GPN-MSA,0.734071,0.629225445_pos_HNF1A_aim_0.6374021638888889_10_chr20_2102360_2102528
random_sample_4,HNF1A,HNF1A_aim11,DeepACE-randaug,0.846036,0.647422709_pos_HNF1A_aim_0.6374021638888889_11_chr9_129488835_129489003
random_sample_4,HNF1A,HNF1A_aim11,DeepACE-random,0.75675,0.647422709_pos_HNF1A_aim_0.6374021638888889_11_chr9_129488835_129489003
random_sample_4,HNF1A,HNF1A_aim11,DeepACE-cold,0.7705,0.647422709_pos_HNF1A_aim_0.6374021638888889_11_chr9_129488835_129489003
random_sample_4,HNF1A,HNF1A_aim11,Evo2,0.555071,0.647422709_pos_HNF1A_aim_0.6374021638888889_11_chr9_129488835_129489003
random_sample_4,HNF1A,HNF1A_aim11,promoterAI,0.315079,0.647422709_pos_HNF1A_aim_0.6374021638888889_11_chr9_129488835_129489003
random_sample_4,HNF1A,HNF1A_aim11,phyloP 100,0.693357,0.647422709_pos_HNF1A_aim_0.6374021638888889_11_chr9_129488835_129489003
random_sample_4,HNF1A,HNF1A_aim11,phyloP 470,0.371083,0.647422709_pos_HNF1A_aim_0.6374021638888889_11_chr9_129488835_129489003
random_sample_4,HNF1A,HNF1A_aim11,phastCons 100,0.708,0.647422709_pos_HNF1A_aim_0.6374021638888889_11_chr9_129488835_129489003
random_sample_4,HNF1A,HNF1A_aim11,phastCons 470,0.565,0.647422709_pos_HNF1A_aim_0.6374021638888889_11_chr9_129488835_129489003
random_sample_4,HNF1A,HNF1A_aim11,GPN-MSA,0.775321,0.647422709_pos_HNF1A_aim_0.6374021638888889_11_chr9_129488835_129489003
random_sample_4,HNF4A,HNF4A_geo1,DeepACE-randaug,0.436952,0.9997705609999998_pos_HNF4A_top_00_chr9_37568647_37568815
random_sample_4,HNF4A,HNF4A_geo1,DeepACE-random,0.555202,0.9997705609999998_pos_HNF4A_top_00_chr9_37568647_37568815
random_sample_4,HNF4A,HNF4A_geo1,DeepACE-cold,0.514869,0.9997705609999998_pos_HNF4A_top_00_chr9_37568647_37568815
random_sample_4,HNF4A,HNF4A_geo1,Evo2,0.353405,0.9997705609999998_pos_HNF4A_top_00_chr9_37568647_37568815
random_sample_4,HNF4A,HNF4A_geo1,promoterAI,0.540417,0.9997705609999998_pos_HNF4A_top_00_chr9_37568647_37568815
random_sample_4,HNF4A,HNF4A_geo1,phyloP 100,0.497833,0.9997705609999998_pos_HNF4A_top_00_chr9_37568647_37568815
random_sample_4,HNF4A,HNF4A_geo1,phyloP 470,0.503083,0.9997705609999998_pos_HNF4A_top_00_chr9_37568647_37568815
random_sample_4,HNF4A,HNF4A_geo1,phastCons 100,0.558333,0.9997705609999998_pos_HNF4A_top_00_chr9_37568647_37568815
random_sample_4,HNF4A,HNF4A_geo1,phastCons 470,0.4795,0.9997705609999998_pos_HNF4A_top_00_chr9_37568647_37568815
random_sample_4,HNF4A,HNF4A_geo1,GPN-MSA,0.667341,0.9997705609999998_pos_HNF4A_top_00_chr9_37568647_37568815
random_sample_4,HNF4A,HNF4A_geo2,DeepACE-randaug,0.811988,0.999696318_pos_HNF4A_top_00_chr2_71388264_71388432
random_sample_4,HNF4A,HNF4A_geo2,DeepACE-random,0.681571,0.999696318_pos_HNF4A_top_00_chr2_71388264_71388432
random_sample_4,HNF4A,HNF4A_geo2,DeepACE-cold,0.577071,0.999696318_pos_HNF4A_top_00_chr2_71388264_71388432
random_sample_4,HNF4A,HNF4A_geo2,Evo2,0.581655,0.999696318_pos_HNF4A_top_00_chr2_71388264_71388432
random_sample_4,HNF4A,HNF4A_geo2,promoterAI,0.307833,0.999696318_pos_HNF4A_top_00_chr2_71388264_71388432
random_sample_4,HNF4A,HNF4A_geo2,phyloP 100,0.526643,0.999696318_pos_HNF4A_top_00_chr2_71388264_71388432
random_sample_4,HNF4A,HNF4A_geo2,phyloP 470,0.526643,0.999696318_pos_HNF4A_top_00_chr2_71388264_71388432
random_sample_4,HNF4A,HNF4A_geo2,phastCons 100,0.341357,0.999696318_pos_HNF4A_top_00_chr2_71388264_71388432
random_sample_4,HNF4A,HNF4A_geo2,phastCons 470,0.412857,0.999696318_pos_HNF4A_top_00_chr2_71388264_71388432
random_sample_4,HNF4A,HNF4A_geo2,GPN-MSA,0.391738,0.999696318_pos_HNF4A_top_00_chr2_71388264_71388432
random_sample_4,HNF4A,HNF4A_aim1,DeepACE-randaug,0.674369,0.3361351744_pos_HNF4A_aim_0.33975238062222224_11_chr19_18136260_18136428
random_sample_4,HNF4A,HNF4A_aim1,DeepACE-random,0.526655,0.3361351744_pos_HNF4A_aim_0.33975238062222224_11_chr19_18136260_18136428
random_sample_4,HNF4A,HNF4A_aim1,DeepACE-cold,0.645821,0.3361351744_pos_HNF4A_aim_0.33975238062222224_11_chr19_18136260_18136428
random_sample_4,HNF4A,HNF4A_aim1,Evo2,0.34319,0.3361351744_pos_HNF4A_aim_0.33975238062222224_11_chr19_18136260_18136428
random_sample_4,HNF4A,HNF4A_aim1,promoterAI,0.574357,0.3361351744_pos_HNF4A_aim_0.33975238062222224_11_chr19_18136260_18136428
random_sample_4,HNF4A,HNF4A_aim1,phyloP 100,0.416262,0.3361351744_pos_HNF4A_aim_0.33975238062222224_11_chr19_18136260_18136428
random_sample_4,HNF4A,HNF4A_aim1,phyloP 470,0.404988,0.3361351744_pos_HNF4A_aim_0.33975238062222224_11_chr19_18136260_18136428
random_sample_4,HNF4A,HNF4A_aim1,phastCons 100,0.552833,0.3361351744_pos_HNF4A_aim_0.33975238062222224_11_chr19_18136260_18136428
random_sample_4,HNF4A,HNF4A_aim1,phastCons 470,0.5125,0.3361351744_pos_HNF4A_aim_0.33975238062222224_11_chr19_18136260_18136428
random_sample_4,HNF4A,HNF4A_aim1,GPN-MSA,0.615833,0.3361351744_pos_HNF4A_aim_0.33975238062222224_11_chr19_18136260_18136428
random_sample_4,HNF4A,HNF4A_aim2,DeepACE-randaug,0.429357,0.3314389765_pos_HNF4A_aim_0.33975238062222224_01_chr20_34052709_34052877
random_sample_4,HNF4A,HNF4A_aim2,DeepACE-random,0.36519,0.3314389765_pos_HNF4A_aim_0.33975238062222224_01_chr20_34052709_34052877
random_sample_4,HNF4A,HNF4A_aim2,DeepACE-cold,0.379857,0.3314389765_pos_HNF4A_aim_0.33975238062222224_01_chr20_34052709_34052877
random_sample_4,HNF4A,HNF4A_aim2,Evo2,0.380905,0.3314389765_pos_HNF4A_aim_0.33975238062222224_01_chr20_34052709_34052877
random_sample_4,HNF4A,HNF4A_aim2,promoterAI,0.577071,0.3314389765_pos_HNF4A_aim_0.33975238062222224_01_chr20_34052709_34052877
random_sample_4,HNF4A,HNF4A_aim2,phyloP 100,0.468238,0.3314389765_pos_HNF4A_aim_0.33975238062222224_01_chr20_34052709_34052877
random_sample_4,HNF4A,HNF4A_aim2,phyloP 470,0.393083,0.3314389765_pos_HNF4A_aim_0.33975238062222224_01_chr20_34052709_34052877
random_sample_4,HNF4A,HNF4A_aim2,phastCons 100,0.497833,0.3314389765_pos_HNF4A_aim_0.33975238062222224_01_chr20_34052709_34052877
random_sample_4,HNF4A,HNF4A_aim2,phastCons 470,0.4245,0.3314389765_pos_HNF4A_aim_0.33975238062222224_01_chr20_34052709_34052877
random_sample_4,HNF4A,HNF4A_aim2,GPN-MSA,0.411405,0.3314389765_pos_HNF4A_aim_0.33975238062222224_01_chr20_34052709_34052877
random_sample_4,HNF4A,HNF4A_aim3,DeepACE-randaug,0.421238,0.3279082508000001_pos_HNF4A_aim_0.33975238062222224_10_chr22_29766476_29766644
random_sample_4,HNF4A,HNF4A_aim3,DeepACE-random,0.506357,0.3279082508000001_pos_HNF4A_aim_0.33975238062222224_10_chr22_29766476_29766644
random_sample_4,HNF4A,HNF4A_aim3,DeepACE-cold,0.38719,0.3279082508000001_pos_HNF4A_aim_0.33975238062222224_10_chr22_29766476_29766644
random_sample_4,HNF4A,HNF4A_aim3,Evo2,0.555202,0.3279082508000001_pos_HNF4A_aim_0.33975238062222224_10_chr22_29766476_29766644
random_sample_4,HNF4A,HNF4A_aim3,promoterAI,0.739016,0.3279082508000001_pos_HNF4A_aim_0.33975238062222224_10_chr22_29766476_29766644
random_sample_4,HNF4A,HNF4A_aim3,phyloP 100,0.604036,0.3279082508000001_pos_HNF4A_aim_0.33975238062222224_10_chr22_29766476_29766644
random_sample_4,HNF4A,HNF4A_aim3,phyloP 470,0.578774,0.3279082508000001_pos_HNF4A_aim_0.33975238062222224_10_chr22_29766476_29766644
random_sample_4,HNF4A,HNF4A_aim3,phastCons 100,0.472167,0.3279082508000001_pos_HNF4A_aim_0.33975238062222224_10_chr22_29766476_29766644
random_sample_4,HNF4A,HNF4A_aim3,phastCons 470,0.4795,0.3279082508000001_pos_HNF4A_aim_0.33975238062222224_10_chr22_29766476_29766644
random_sample_4,HNF4A,HNF4A_aim3,GPN-MSA,0.48356,0.3279082508000001_pos_HNF4A_aim_0.33975238062222224_10_chr22_29766476_29766644
random_sample_4,HNF4A,HNF4A_aim4,DeepACE-randaug,0.747702,0.341191095_pos_HNF4A_aim_0.33975238062222224_00_chr10_37831592_37831760
random_sample_4,HNF4A,HNF4A_aim4,DeepACE-random,0.674369,0.341191095_pos_HNF4A_aim_0.33975238062222224_00_chr10_37831592_37831760
random_sample_4,HNF4A,HNF4A_aim4,DeepACE-cold,0.532155,0.341191095_pos_HNF4A_aim_0.33975238062222224_00_chr10_37831592_37831760
random_sample_4,HNF4A,HNF4A_aim4,Evo2,0.512905,0.341191095_pos_HNF4A_aim_0.33975238062222224_00_chr10_37831592_37831760
random_sample_4,HNF4A,HNF4A_aim4,promoterAI,0.673155,0.341191095_pos_HNF4A_aim_0.33975238062222224_00_chr10_37831592_37831760
random_sample_4,HNF4A,HNF4A_aim4,phyloP 100,0.398583,0.341191095_pos_HNF4A_aim_0.33975238062222224_00_chr10_37831592_37831760
random_sample_4,HNF4A,HNF4A_aim4,phyloP 470,0.395746,0.341191095_pos_HNF4A_aim_0.33975238062222224_00_chr10_37831592_37831760
random_sample_4,HNF4A,HNF4A_aim4,phastCons 100,0.49,0.341191095_pos_HNF4A_aim_0.33975238062222224_00_chr10_37831592_37831760
random_sample_4,HNF4A,HNF4A_aim4,phastCons 470,0.406746,0.341191095_pos_HNF4A_aim_0.33975238062222224_00_chr10_37831592_37831760
random_sample_4,HNF4A,HNF4A_aim4,GPN-MSA,0.641369,0.341191095_pos_HNF4A_aim_0.33975238062222224_00_chr10_37831592_37831760
random_sample_4,HNF4A,HNF4A_aim5,DeepACE-randaug,0.548536,0.5724751379999999_pos_HNF4A_aim_0.5731083673555555_01_chr9_137506700_137506868
random_sample_4,HNF4A,HNF4A_aim5,DeepACE-random,0.563202,0.5724751379999999_pos_HNF4A_aim_0.5731083673555555_01_chr9_137506700_137506868
random_sample_4,HNF4A,HNF4A_aim5,DeepACE-cold,0.563202,0.5724751379999999_pos_HNF4A_aim_0.5731083673555555_01_chr9_137506700_137506868
random_sample_4,HNF4A,HNF4A_aim5,Evo2,0.408405,0.5724751379999999_pos_HNF4A_aim_0.5731083673555555_01_chr9_137506700_137506868
random_sample_4,HNF4A,HNF4A_aim5,promoterAI,0.581536,0.5724751379999999_pos_HNF4A_aim_0.5731083673555555_01_chr9_137506700_137506868
random_sample_4,HNF4A,HNF4A_aim5,phyloP 100,0.450821,0.5724751379999999_pos_HNF4A_aim_0.5731083673555555_01_chr9_137506700_137506868
random_sample_4,HNF4A,HNF4A_aim5,phyloP 470,0.391817,0.5724751379999999_pos_HNF4A_aim_0.5731083673555555_01_chr9_137506700_137506868
random_sample_4,HNF4A,HNF4A_aim5,phastCons 100,0.4245,0.5724751379999999_pos_HNF4A_aim_0.5731083673555555_01_chr9_137506700_137506868
random_sample_4,HNF4A,HNF4A_aim5,phastCons 470,0.4135,0.5724751379999999_pos_HNF4A_aim_0.5731083673555555_01_chr9_137506700_137506868
random_sample_4,HNF4A,HNF4A_aim5,GPN-MSA,0.427917,0.5724751379999999_pos_HNF4A_aim_0.5731083673555555_01_chr9_137506700_137506868
random_sample_4,HNF4A,HNF4A_aim6,DeepACE-randaug,0.584536,0.562326565_pos_HNF4A_aim_0.5731083673555555_01_chr19_7484026_7484194
random_sample_4,HNF4A,HNF4A_aim6,DeepACE-random,0.585321,0.562326565_pos_HNF4A_aim_0.5731083673555555_01_chr19_7484026_7484194
random_sample_4,HNF4A,HNF4A_aim6,DeepACE-cold,0.631155,0.562326565_pos_HNF4A_aim_0.5731083673555555_01_chr19_7484026_7484194
random_sample_4,HNF4A,HNF4A_aim6,Evo2,0.647524,0.562326565_pos_HNF4A_aim_0.5731083673555555_01_chr19_7484026_7484194
random_sample_4,HNF4A,HNF4A_aim6,promoterAI,0.485405,0.562326565_pos_HNF4A_aim_0.5731083673555555_01_chr19_7484026_7484194
random_sample_4,HNF4A,HNF4A_aim6,phyloP 100,0.424512,0.562326565_pos_HNF4A_aim_0.5731083673555555_01_chr19_7484026_7484194
random_sample_4,HNF4A,HNF4A_aim6,phyloP 470,,0.562326565_pos_HNF4A_aim_0.5731083673555555_01_chr19_7484026_7484194
random_sample_4,HNF4A,HNF4A_aim6,phastCons 100,0.360071,0.562326565_pos_HNF4A_aim_0.5731083673555555_01_chr19_7484026_7484194
random_sample_4,HNF4A,HNF4A_aim6,phastCons 470,,0.562326565_pos_HNF4A_aim_0.5731083673555555_01_chr19_7484026_7484194
random_sample_4,HNF4A,HNF4A_aim6,GPN-MSA,0.357857,0.562326565_pos_HNF4A_aim_0.5731083673555555_01_chr19_7484026_7484194
random_sample_4,HNF4A,HNF4A_aim7,DeepACE-randaug,0.563202,0.564055917_pos_HNF4A_aim_0.5731083673555555_11_chr11_62599376_62599544
random_sample_4,HNF4A,HNF4A_aim7,DeepACE-random,0.545786,0.564055917_pos_HNF4A_aim_0.5731083673555555_11_chr11_62599376_62599544
random_sample_4,HNF4A,HNF4A_aim7,DeepACE-cold,0.470488,0.564055917_pos_HNF4A_aim_0.5731083673555555_11_chr11_62599376_62599544
random_sample_4,HNF4A,HNF4A_aim7,Evo2,0.540405,0.564055917_pos_HNF4A_aim_0.5731083673555555_11_chr11_62599376_62599544
random_sample_4,HNF4A,HNF4A_aim7,promoterAI,0.37619,0.564055917_pos_HNF4A_aim_0.5731083673555555_11_chr11_62599376_62599544
random_sample_4,HNF4A,HNF4A_aim7,phyloP 100,0.5705,0.564055917_pos_HNF4A_aim_0.5731083673555555_11_chr11_62599376_62599544
random_sample_4,HNF4A,HNF4A_aim7,phyloP 470,0.47925,0.564055917_pos_HNF4A_aim_0.5731083673555555_11_chr11_62599376_62599544
random_sample_4,HNF4A,HNF4A_aim7,phastCons 100,0.530179,0.564055917_pos_HNF4A_aim_0.5731083673555555_11_chr11_62599376_62599544
random_sample_4,HNF4A,HNF4A_aim7,phastCons 470,0.452,0.564055917_pos_HNF4A_aim_0.5731083673555555_11_chr11_62599376_62599544
random_sample_4,HNF4A,HNF4A_aim7,GPN-MSA,0.47925,0.564055917_pos_HNF4A_aim_0.5731083673555555_11_chr11_62599376_62599544
random_sample_4,HNF4A,HNF4A_aim8,DeepACE-randaug,0.840917,0.569083813_pos_HNF4A_aim_0.5731083673555555_01_chr1_25163876_25164044
random_sample_4,HNF4A,HNF4A_aim8,DeepACE-random,0.907583,0.569083813_pos_HNF4A_aim_0.5731083673555555_01_chr1_25163876_25164044
random_sample_4,HNF4A,HNF4A_aim8,DeepACE-cold,0.840917,0.569083813_pos_HNF4A_aim_0.5731083673555555_01_chr1_25163876_25164044
random_sample_4,HNF4A,HNF4A_aim8,Evo2,0.634036,0.569083813_pos_HNF4A_aim_0.5731083673555555_01_chr1_25163876_25164044
random_sample_4,HNF4A,HNF4A_aim8,promoterAI,0.61004,0.569083813_pos_HNF4A_aim_0.5731083673555555_01_chr1_25163876_25164044
random_sample_4,HNF4A,HNF4A_aim8,phyloP 100,0.710794,0.569083813_pos_HNF4A_aim_0.5731083673555555_01_chr1_25163876_25164044
random_sample_4,HNF4A,HNF4A_aim8,phyloP 470,0.678079,0.569083813_pos_HNF4A_aim_0.5731083673555555_01_chr1_25163876_25164044
random_sample_4,HNF4A,HNF4A_aim8,phastCons 100,0.78394,0.569083813_pos_HNF4A_aim_0.5731083673555555_01_chr1_25163876_25164044
random_sample_4,HNF4A,HNF4A_aim8,phastCons 470,0.818,0.569083813_pos_HNF4A_aim_0.5731083673555555_01_chr1_25163876_25164044
random_sample_4,HNF4A,HNF4A_aim8,GPN-MSA,0.586083,0.569083813_pos_HNF4A_aim_0.5731083673555555_01_chr1_25163876_25164044
random_sample_4,HNF4A,HNF4A_aim9,DeepACE-randaug,0.9005,0.57221882_pos_HNF4A_aim_0.5731083673555555_01_chr3_170494030_170494198
random_sample_4,HNF4A,HNF4A_aim9,DeepACE-random,0.857286,0.57221882_pos_HNF4A_aim_0.5731083673555555_01_chr3_170494030_170494198
random_sample_4,HNF4A,HNF4A_aim9,DeepACE-cold,0.857286,0.57221882_pos_HNF4A_aim_0.5731083673555555_01_chr3_170494030_170494198
random_sample_4,HNF4A,HNF4A_aim9,Evo2,0.577571,0.57221882_pos_HNF4A_aim_0.5731083673555555_01_chr3_170494030_170494198
random_sample_4,HNF4A,HNF4A_aim9,promoterAI,0.647524,0.57221882_pos_HNF4A_aim_0.5731083673555555_01_chr3_170494030_170494198
random_sample_4,HNF4A,HNF4A_aim9,phyloP 100,0.408655,0.57221882_pos_HNF4A_aim_0.5731083673555555_01_chr3_170494030_170494198
random_sample_4,HNF4A,HNF4A_aim9,phyloP 470,0.414155,0.57221882_pos_HNF4A_aim_0.5731083673555555_01_chr3_170494030_170494198
random_sample_4,HNF4A,HNF4A_aim9,phastCons 100,0.4795,0.57221882_pos_HNF4A_aim_0.5731083673555555_01_chr3_170494030_170494198
random_sample_4,HNF4A,HNF4A_aim9,phastCons 470,0.4575,0.57221882_pos_HNF4A_aim_0.5731083673555555_01_chr3_170494030_170494198
random_sample_4,HNF4A,HNF4A_aim9,GPN-MSA,0.477984,0.57221882_pos_HNF4A_aim_0.5731083673555555_01_chr3_170494030_170494198
random_sample_4,HNF4A,HNF4A_aim10,DeepACE-randaug,0.526536,0.804237472_pos_HNF4A_aim_0.8064643540888888_00_chr12_52262794_52262962
random_sample_4,HNF4A,HNF4A_aim10,DeepACE-random,0.462369,0.804237472_pos_HNF4A_aim_0.8064643540888888_00_chr12_52262794_52262962
random_sample_4,HNF4A,HNF4A_aim10,DeepACE-cold,0.480702,0.804237472_pos_HNF4A_aim_0.8064643540888888_00_chr12_52262794_52262962
random_sample_4,HNF4A,HNF4A_aim10,Evo2,0.550619,0.804237472_pos_HNF4A_aim_0.8064643540888888_00_chr12_52262794_52262962
random_sample_4,HNF4A,HNF4A_aim10,promoterAI,0.537667,0.804237472_pos_HNF4A_aim_0.8064643540888888_00_chr12_52262794_52262962
random_sample_4,HNF4A,HNF4A_aim10,phyloP 100,0.426389,0.804237472_pos_HNF4A_aim_0.8064643540888888_00_chr12_52262794_52262962
random_sample_4,HNF4A,HNF4A_aim10,phyloP 470,0.426389,0.804237472_pos_HNF4A_aim_0.8064643540888888_00_chr12_52262794_52262962
random_sample_4,HNF4A,HNF4A_aim10,phastCons 100,0.332889,0.804237472_pos_HNF4A_aim_0.8064643540888888_00_chr12_52262794_52262962
random_sample_4,HNF4A,HNF4A_aim10,phastCons 470,0.37225,0.804237472_pos_HNF4A_aim_0.8064643540888888_00_chr12_52262794_52262962
random_sample_4,HNF4A,HNF4A_aim10,GPN-MSA,0.450746,0.804237472_pos_HNF4A_aim_0.8064643540888888_00_chr12_52262794_52262962
random_sample_4,HNF4A,HNF4A_aim11,DeepACE-randaug,0.737071,0.793263506_pos_HNF4A_aim_0.8064643540888888_01_chr6_107221782_107221950
random_sample_4,HNF4A,HNF4A_aim11,DeepACE-random,0.766536,0.793263506_pos_HNF4A_aim_0.8064643540888888_01_chr6_107221782_107221950
random_sample_4,HNF4A,HNF4A_aim11,DeepACE-cold,0.766536,0.793263506_pos_HNF4A_aim_0.8064643540888888_01_chr6_107221782_107221950
random_sample_4,HNF4A,HNF4A_aim11,Evo2,0.513821,0.793263506_pos_HNF4A_aim_0.8064643540888888_01_chr6_107221782_107221950
random_sample_4,HNF4A,HNF4A_aim11,promoterAI,0.718869,0.793263506_pos_HNF4A_aim_0.8064643540888888_01_chr6_107221782_107221950
random_sample_4,HNF4A,HNF4A_aim11,phyloP 100,0.514083,0.793263506_pos_HNF4A_aim_0.8064643540888888_01_chr6_107221782_107221950
random_sample_4,HNF4A,HNF4A_aim11,phyloP 470,0.300413,0.793263506_pos_HNF4A_aim_0.8064643540888888_01_chr6_107221782_107221950
random_sample_4,HNF4A,HNF4A_aim11,phastCons 100,0.386,0.793263506_pos_HNF4A_aim_0.8064643540888888_01_chr6_107221782_107221950
random_sample_4,HNF4A,HNF4A_aim11,phastCons 470,0.3805,0.793263506_pos_HNF4A_aim_0.8064643540888888_01_chr6_107221782_107221950
random_sample_4,HNF4A,HNF4A_aim11,GPN-MSA,0.45069,0.793263506_pos_HNF4A_aim_0.8064643540888888_01_chr6_107221782_107221950
random_sample_4,HNF4A,HNF4A_aim12,DeepACE-randaug,0.658655,0.811116653_pos_HNF4A_aim_0.8064643540888888_11_chr16_69815249_69815417
random_sample_4,HNF4A,HNF4A_aim12,DeepACE-random,0.618321,0.811116653_pos_HNF4A_aim_0.8064643540888888_11_chr16_69815249_69815417
random_sample_4,HNF4A,HNF4A_aim12,DeepACE-cold,0.618321,0.811116653_pos_HNF4A_aim_0.8064643540888888_11_chr16_69815249_69815417
random_sample_4,HNF4A,HNF4A_aim12,Evo2,0.466024,0.811116653_pos_HNF4A_aim_0.8064643540888888_11_chr16_69815249_69815417
random_sample_4,HNF4A,HNF4A_aim12,promoterAI,0.645952,0.811116653_pos_HNF4A_aim_0.8064643540888888_11_chr16_69815249_69815417
random_sample_4,HNF4A,HNF4A_aim12,phyloP 100,0.482262,0.811116653_pos_HNF4A_aim_0.8064643540888888_11_chr16_69815249_69815417
random_sample_4,HNF4A,HNF4A_aim12,phyloP 470,0.68875,0.811116653_pos_HNF4A_aim_0.8064643540888888_11_chr16_69815249_69815417
random_sample_4,HNF4A,HNF4A_aim12,phastCons 100,0.43275,0.811116653_pos_HNF4A_aim_0.8064643540888888_11_chr16_69815249_69815417
random_sample_4,HNF4A,HNF4A_aim12,phastCons 470,0.497833,0.811116653_pos_HNF4A_aim_0.8064643540888888_11_chr16_69815249_69815417
random_sample_4,HNF4A,HNF4A_aim12,GPN-MSA,0.537905,0.811116653_pos_HNF4A_aim_0.8064643540888888_11_chr16_69815249_69815417
